studyName,Date,Time GMT,Island,Colony,Adults,Chicks
PAL9192,1992-01-26,1700,CHR,1.0,166,306
PAL9192,1992-01-26,1700,CHR,2.0,53,90
PAL9192,1992-01-26,1700,CHR,3.0,138,208
PAL9192,1992-01-26,1700,CHR,4.1,17,29
PAL9192,1992-01-26,1700,CHR,5.0,32,32
PAL9192,1992-01-26,1700,CHR,6.0,100,172
PAL9192,1992-01-26,1700,CHR,7.0,303,407
PAL9192,1992-01-26,1700,CHR,7.1,27,30
PAL9192,1992-01-26,1700,CHR,7.2,65,97
PAL9192,1992-01-26,1700,CHR,8.0,143,227
PAL9192,1992-01-26,1700,CHR,9.1,79,63
PAL9192,1992-01-26,1700,CHR,10.0,15,13
PAL9192,1992-01-26,1700,CHR,11.0,24,10
PAL9192,1992-01-26,1430,COR,1.0,5,4
PAL9192,1992-01-26,1430,COR,2.0,82,119
PAL9192,1992-01-26,1430,COR,3.0,45,48
PAL9192,1992-01-26,1430,COR,4.0,12,29
PAL9192,1992-01-26,1430,COR,5.0,370,386
PAL9192,1992-01-26,1430,COR,5.1,151,173
PAL9192,1992-01-26,1430,COR,6.0,110,116
PAL9192,1992-01-26,1130,HUM,1.1,10,20
PAL9192,1992-01-26,1130,HUM,1.2,11,39
PAL9192,1992-01-26,1130,HUM,1.3,7,7
PAL9192,1992-01-26,1130,HUM,2.1,86,183
PAL9192,1992-01-26,1130,HUM,2.2,35,97
PAL9192,1992-01-26,1130,HUM,3.0,145,409
PAL9192,1992-01-26,1130,HUM,3.1,45,99
PAL9192,1992-01-26,1130,HUM,4.0,59,149
PAL9192,1992-01-26,1130,HUM,5.0,185,476
PAL9192,1992-01-26,2000,LIT,1.0,14,11
PAL9192,1992-01-26,2000,LIT,2.0,21,29
PAL9192,1992-01-26,2000,LIT,3.0,0,0
PAL9192,1992-01-26,2000,LIT,4.0,21,31
PAL9192,1992-01-26,2000,LIT,5.0,40,99
PAL9192,1992-01-26,2000,LIT,6.0,80,135
PAL9192,1992-01-26,2000,LIT,7.0,31,71
PAL9192,1992-01-26,2000,LIT,8.0,42,141
PAL9192,1992-01-26,2000,LIT,9.0,17,25
PAL9192,1992-01-26,800,TOR,1.0,122,162
PAL9192,1992-01-26,800,TOR,2.0,42,71
PAL9192,1992-01-26,800,TOR,3.0,27,30
PAL9192,1992-01-26,800,TOR,4.0,234,378
PAL9192,1992-01-26,800,TOR,5.0,85,144
PAL9192,1992-01-26,800,TOR,12.0,155,265
PAL9192,1992-01-26,800,TOR,13.0,193,339
PAL9192,1992-01-26,800,TOR,15.0,113,210
PAL9192,1992-01-26,800,TOR,17.0,15,25
PAL9192,1992-01-26,800,TOR,20.0,184,318
PAL9192,1992-01-26,800,TOR,21.0,89,189
PAL9192,1992-01-26,800,TOR,22.0,58,134
PAL9192,1992-01-26,800,TOR,23.0,172,203
PAL9192,1992-01-26,800,TOR,23.1,19,25
PAL9293,1993-01-26,1100,CHR,1.0,281,307
PAL9293,1993-01-26,1100,CHR,2.0,102,90
PAL9293,1993-01-26,1100,CHR,3.0,216,210
PAL9293,1993-01-26,1100,CHR,4.1,35,30
PAL9293,1993-01-26,1100,CHR,5.0,39,41
PAL9293,1993-01-26,1100,CHR,6.0,149,155
PAL9293,1993-01-26,1100,CHR,7.0,386,362
PAL9293,1993-01-26,1100,CHR,7.1,38,30
PAL9293,1993-01-26,1100,CHR,7.2,107,90
PAL9293,1993-01-26,1100,CHR,8.0,218,228
PAL9293,1993-01-26,1100,CHR,9.1,31,17
PAL9293,1993-01-26,1100,CHR,10.0,21,10
PAL9293,1993-01-26,1100,CHR,11.0,18,0
PAL9293,1993-01-26,1000,COR,1.0,8,5
PAL9293,1993-01-26,1000,COR,2.0,86,119
PAL9293,1993-01-26,1000,COR,3.0,55,50
PAL9293,1993-01-26,1000,COR,4.0,15,25
PAL9293,1993-01-26,1000,COR,5.0,342,356
PAL9293,1993-01-26,1000,COR,5.1,141,167
PAL9293,1993-01-26,1000,COR,6.0,148,141
PAL9293,1993-01-26,1300,HUM,1.1,24,15
PAL9293,1993-01-26,1300,HUM,1.2,20,39
PAL9293,1993-01-26,1300,HUM,1.3,6,7
PAL9293,1993-01-26,1300,HUM,2.1,60,195
PAL9293,1993-01-26,1300,HUM,2.2,35,109
PAL9293,1993-01-26,1300,HUM,3.0,197,451
PAL9293,1993-01-26,1300,HUM,3.1,65,82
PAL9293,1993-01-26,1300,HUM,4.0,140,168
PAL9293,1993-01-26,1300,HUM,5.0,210,524
PAL9293,1993-01-26,1400,LIT,1.0,36,32
PAL9293,1993-01-26,1400,LIT,2.0,21,9
PAL9293,1993-01-26,1400,LIT,3.0,0,0
PAL9293,1993-01-26,1400,LIT,4.0,41,25
PAL9293,1993-01-26,1400,LIT,5.0,75,105
PAL9293,1993-01-26,1400,LIT,6.0,94,135
PAL9293,1993-01-26,1400,LIT,7.0,52,82
PAL9293,1993-01-26,1400,LIT,8.0,93,148
PAL9293,1993-01-26,1400,LIT,9.0,21,9
PAL9293,1993-01-26,1500,TOR,1.0,119,205
PAL9293,1993-01-26,1500,TOR,2.0,47,64
PAL9293,1993-01-26,1500,TOR,3.0,23,26
PAL9293,1993-01-26,1500,TOR,4.0,237,441
PAL9293,1993-01-26,1500,TOR,5.0,133,170
PAL9293,1993-01-26,1500,TOR,12.0,185,285
PAL9293,1993-01-26,1500,TOR,13.0,212,334
PAL9293,1993-01-26,1500,TOR,15.0,195,252
PAL9293,1993-01-26,1500,TOR,17.0,24,30
PAL9293,1993-01-26,1500,TOR,20.0,219,317
PAL9293,1993-01-26,1500,TOR,21.0,180,207
PAL9293,1993-01-26,1500,TOR,22.0,156,109
PAL9293,1993-01-26,1500,TOR,23.0,167,282
PAL9293,1993-01-26,1500,TOR,23.1,28,29
PAL9394,1994-01-22,1500,LIT,1.0,19,11
PAL9394,1994-01-22,1500,LIT,2.0,37,28
PAL9394,1994-01-22,1500,LIT,3.0,0,0
PAL9394,1994-01-22,1500,LIT,4.0,32,20
PAL9394,1994-01-22,1500,LIT,5.0,113,80
PAL9394,1994-01-22,1500,LIT,6.0,130,104
PAL9394,1994-01-22,1500,LIT,7.0,72,76
PAL9394,1994-01-22,1500,LIT,8.0,147,138
PAL9394,1994-01-22,1500,LIT,9.0,33,24
PAL9394,1994-01-23,1200,CHR,1.0,184,310
PAL9394,1994-01-23,1200,CHR,2.0,49,96
PAL9394,1994-01-23,1200,CHR,3.0,128,130
PAL9394,1994-01-23,1200,CHR,4.1,13,26
PAL9394,1994-01-23,1200,CHR,5.0,28,43
PAL9394,1994-01-23,1200,CHR,6.0,104,161
PAL9394,1994-01-23,1200,CHR,7.0,302,410
PAL9394,1994-01-23,1200,CHR,7.1,25,34
PAL9394,1994-01-23,1200,CHR,7.2,41,101
PAL9394,1994-01-23,1200,CHR,8.0,180,214
PAL9394,1994-01-23,1200,CHR,9.1,33,12
PAL9394,1994-01-23,1200,CHR,10.0,13,2
PAL9394,1994-01-23,1200,CHR,11.0,4,0
PAL9394,1994-01-23,1430,COR,1.0,10,10
PAL9394,1994-01-23,1430,COR,2.0,98,121
PAL9394,1994-01-23,1430,COR,3.0,44,55
PAL9394,1994-01-23,1430,COR,4.0,12,27
PAL9394,1994-01-23,1430,COR,5.0,357,365
PAL9394,1994-01-23,1430,COR,5.1,163,183
PAL9394,1994-01-23,1430,COR,6.0,101,86
PAL9394,1994-01-23,1400,HUM,1.1,20,26
PAL9394,1994-01-23,1400,HUM,1.2,30,48
PAL9394,1994-01-23,1400,HUM,1.3,7,7
PAL9394,1994-01-23,1400,HUM,2.1,85,201
PAL9394,1994-01-23,1400,HUM,2.2,57,109
PAL9394,1994-01-23,1400,HUM,3.0,201,364
PAL9394,1994-01-23,1400,HUM,3.1,65,82
PAL9394,1994-01-23,1400,HUM,4.0,233,138
PAL9394,1994-01-23,1400,HUM,5.0,151,350
PAL9394,1994-01-23,1630,TOR,1.0,132,111
PAL9394,1994-01-23,1630,TOR,2.0,46,65
PAL9394,1994-01-23,1630,TOR,3.0,28,25
PAL9394,1994-01-23,1630,TOR,4.0,290,330
PAL9394,1994-01-23,1630,TOR,5.0,118,157
PAL9394,1994-01-23,1630,TOR,12.0,0,285
PAL9394,1994-01-23,1630,TOR,12.0,187,285
PAL9394,1994-01-23,1630,TOR,13.0,0,328
PAL9394,1994-01-23,1630,TOR,13.0,213,328
PAL9394,1994-01-23,1630,TOR,15.0,160,204
PAL9394,1994-01-23,1630,TOR,17.0,16,32
PAL9394,1994-01-23,1630,TOR,18.0,0,419
PAL9394,1994-01-23,1630,TOR,19.0,0,677
PAL9394,1994-01-23,1630,TOR,20.0,195,264
PAL9394,1994-01-23,1630,TOR,21.0,82,190
PAL9394,1994-01-23,1630,TOR,22.0,67,135
PAL9394,1994-01-23,1630,TOR,23.0,221,256
PAL9394,1994-01-23,1630,TOR,23.1,24,20
PAL9495,1995-01-16,1100,HUM,1.1,16,21
PAL9495,1995-01-16,1100,HUM,1.2,32,41
PAL9495,1995-01-16,1100,HUM,1.3,4,7
PAL9495,1995-01-16,1100,HUM,2.1,79,173
PAL9495,1995-01-16,1100,HUM,2.2,33,103
PAL9495,1995-01-16,1100,HUM,3.0,140,391
PAL9495,1995-01-16,1100,HUM,3.1,4,6
PAL9495,1995-01-16,1100,HUM,4.0,107,212
PAL9495,1995-01-16,1100,HUM,5.0,187,427
PAL9495,1995-01-16,1430,TOR,1.0,95,148
PAL9495,1995-01-16,1430,TOR,2.0,45,50
PAL9495,1995-01-16,1430,TOR,3.0,19,17
PAL9495,1995-01-16,1430,TOR,4.0,184,283
PAL9495,1995-01-16,1430,TOR,5.0,72,170
PAL9495,1995-01-16,1430,TOR,12.0,144,284
PAL9495,1995-01-16,1430,TOR,13.0,199,317
PAL9495,1995-01-16,1430,TOR,15.0,83,322
PAL9495,1995-01-16,1430,TOR,17.0,12,26
PAL9495,1995-01-16,1430,TOR,18.0,129,353
PAL9495,1995-01-16,1430,TOR,19.0,254,667
PAL9495,1995-01-16,1430,TOR,20.0,130,262
PAL9495,1995-01-16,1430,TOR,21.0,90,194
PAL9495,1995-01-16,1430,TOR,22.0,73,121
PAL9495,1995-01-16,1430,TOR,23.0,131,268
PAL9495,1995-01-16,1430,TOR,23.1,20,31
PAL9495,1995-01-17,1200,CHR,1.0,156,267
PAL9495,1995-01-17,1200,CHR,2.0,53,84
PAL9495,1995-01-17,1200,CHR,3.0,97,168
PAL9495,1995-01-17,,CHR,3.1,0,0
PAL9495,1995-01-17,1200,CHR,4.1,16,19
PAL9495,1995-01-17,1200,CHR,5.0,50,50
PAL9495,1995-01-17,1200,CHR,6.0,106,160
PAL9495,1995-01-17,1200,CHR,7.0,242,435
PAL9495,1995-01-17,1200,CHR,7.1,26,33
PAL9495,1995-01-17,1200,CHR,7.2,53,100
PAL9495,1995-01-17,1200,CHR,8.0,141,234
PAL9495,1995-01-17,1200,CHR,9.1,29,49
PAL9495,1995-01-17,1200,CHR,10.0,13,13
PAL9495,1995-01-17,1200,CHR,11.0,4,3
PAL9495,1995-01-17,1000,COR,1.0,8,10
PAL9495,1995-01-17,1000,COR,2.0,71,108
PAL9495,1995-01-17,1000,COR,3.0,39,46
PAL9495,1995-01-17,1000,COR,4.0,15,21
PAL9495,1995-01-17,1000,COR,5.0,294,404
PAL9495,1995-01-17,1000,COR,5.1,117,190
PAL9495,1995-01-17,1000,COR,6.0,76,117
PAL9495,1995-01-17,1200,LIT,1.0,8,12
PAL9495,1995-01-17,1200,LIT,2.0,28,24
PAL9495,1995-01-17,1200,LIT,3.0,0,0
PAL9495,1995-01-17,1200,LIT,4.0,19,12
PAL9495,1995-01-17,1200,LIT,5.0,71,77
PAL9495,1995-01-17,1200,LIT,6.0,76,111
PAL9495,1995-01-17,1200,LIT,7.0,58,73
PAL9495,1995-01-17,1200,LIT,8.0,95,162
PAL9495,1995-01-17,1200,LIT,9.0,32,29
PAL9596,1996-01-18,1300,CHR,1.0,225,310
PAL9596,1996-01-18,1300,CHR,2.0,50,90
PAL9596,1996-01-18,1300,CHR,3.0,20,69
PAL9596,1996-01-18,1300,CHR,3.1,40,92
PAL9596,1996-01-18,1300,CHR,4.1,2,2
PAL9596,1996-01-18,1300,CHR,5.0,7,58
PAL9596,1996-01-18,1300,CHR,6.0,57,168
PAL9596,1996-01-18,1300,CHR,7.0,142,470
PAL9596,1996-01-18,1300,CHR,7.1,17,30
PAL9596,1996-01-18,1300,CHR,7.2,28,99
PAL9596,1996-01-18,1300,CHR,8.0,83,229
PAL9596,1996-01-18,1300,CHR,9.1,20,55
PAL9596,1996-01-18,1300,CHR,10.0,4,10
PAL9596,1996-01-18,1300,CHR,11.0,4,4
PAL9596,1996-01-18,1100,COR,1.0,5,8
PAL9596,1996-01-18,1100,COR,2.0,36,113
PAL9596,1996-01-18,1100,COR,3.0,28,54
PAL9596,1996-01-18,1100,COR,4.0,11,25
PAL9596,1996-01-18,1100,COR,5.0,143,399
PAL9596,1996-01-18,1100,COR,5.1,68,187
PAL9596,1996-01-18,1100,COR,6.0,44,102
PAL9596,1996-01-18,1600,HUM,1.1,5,4
PAL9596,1996-01-18,1600,HUM,1.2,6,26
PAL9596,1996-01-18,1600,HUM,1.3,0,0
PAL9596,1996-01-18,1600,HUM,2.1,15,169
PAL9596,1996-01-18,1600,HUM,2.2,11,98
PAL9596,1996-01-18,1600,HUM,3.0,60,415
PAL9596,1996-01-18,1600,HUM,3.1,0,0
PAL9596,1996-01-18,1600,HUM,4.0,56,205
PAL9596,1996-01-18,1600,HUM,5.0,75,426
PAL9596,1996-01-18,1700,TOR,1.0,68,141
PAL9596,1996-01-18,1700,TOR,2.0,17,40
PAL9596,1996-01-18,1700,TOR,3.0,21,11
PAL9596,1996-01-18,1700,TOR,4.0,102,279
PAL9596,1996-01-18,1700,TOR,5.0,35,108
PAL9596,1996-01-18,1700,TOR,12.0,81,275
PAL9596,1996-01-18,1700,TOR,13.0,101,288
PAL9596,1996-01-18,1700,TOR,15.0,55,223
PAL9596,1996-01-18,1700,TOR,17.0,2,17
PAL9596,1996-01-18,1700,TOR,18.0,118,350
PAL9596,1996-01-18,1700,TOR,19.0,150,713
PAL9596,1996-01-18,1700,TOR,20.0,82,246
PAL9596,1996-01-18,1700,TOR,21.0,34,146
PAL9596,1996-01-18,1700,TOR,22.0,51,85
PAL9596,1996-01-18,1700,TOR,23.0,122,233
PAL9596,1996-01-18,1700,TOR,23.1,3,27
PAL9596,1996-01-20,1100,LIT,1.0,6,14
PAL9596,1996-01-20,1100,LIT,2.0,18,29
PAL9596,1996-01-20,,LIT,3.0,0,0
PAL9596,1996-01-20,1100,LIT,4.0,12,29
PAL9596,1996-01-20,1100,LIT,5.0,26,102
PAL9596,1996-01-20,1100,LIT,6.0,44,148
PAL9596,1996-01-20,1100,LIT,7.0,27,71
PAL9596,1996-01-20,1100,LIT,8.0,35,141
PAL9596,1996-01-20,1100,LIT,9.0,25,31
PAL9697,1997-01-25,1100,CHR,1.0,103,252
PAL9697,1997-01-25,1100,CHR,2.0,34,70
PAL9697,1997-01-25,1100,CHR,3.0,31,82
PAL9697,1997-01-25,1100,CHR,3.1,33,54
PAL9697,1997-01-25,1100,CHR,4.1,4,6
PAL9697,1997-01-25,1100,CHR,5.0,25,52
PAL9697,1997-01-25,1100,CHR,6.0,55,142
PAL9697,1997-01-25,1100,CHR,7.0,114,404
PAL9697,1997-01-25,1100,CHR,7.1,14,24
PAL9697,1997-01-25,1100,CHR,7.2,39,67
PAL9697,1997-01-25,1100,CHR,8.0,92,208
PAL9697,1997-01-25,1100,CHR,9.1,22,49
PAL9697,1997-01-25,1100,CHR,10.0,4,10
PAL9697,1997-01-25,1100,CHR,11.0,4,2
PAL9697,1997-01-25,1000,COR,1.0,4,3
PAL9697,1997-01-25,1000,COR,2.0,39,103
PAL9697,1997-01-25,1000,COR,3.0,39,48
PAL9697,1997-01-25,1000,COR,4.0,4,4
PAL9697,1997-01-25,1000,COR,5.0,211,385
PAL9697,1997-01-25,1000,COR,5.1,91,174
PAL9697,1997-01-25,1000,COR,6.0,58,85
PAL9697,1997-01-25,1300,HUM,1.1,0,0
PAL9697,1997-01-25,1300,HUM,1.2,2,3
PAL9697,1997-01-25,1300,HUM,1.3,0,0
PAL9697,1997-01-25,1300,HUM,2.1,38,107
PAL9697,1997-01-25,1300,HUM,2.2,8,91
PAL9697,1997-01-25,1300,HUM,3.0,54,326
PAL9697,1997-01-25,1300,HUM,3.1,6,3
PAL9697,1997-01-25,1300,HUM,4.0,31,188
PAL9697,1997-01-25,1300,HUM,5.0,85,345
PAL9697,1997-01-25,1200,LIT,1.0,11,6
PAL9697,1997-01-25,1200,LIT,2.0,19,23
PAL9697,1997-01-25,,LIT,3.0,0,0
PAL9697,1997-01-25,1200,LIT,4.0,8,21
PAL9697,1997-01-25,1200,LIT,5.0,45,82
PAL9697,1997-01-25,1200,LIT,6.0,50,105
PAL9697,1997-01-25,1200,LIT,7.0,42,55
PAL9697,1997-01-25,1200,LIT,8.0,19,147
PAL9697,1997-01-25,1200,LIT,9.0,25,27
PAL9697,1997-01-25,1500,TOR,1.0,41,75
PAL9697,1997-01-25,1500,TOR,2.0,6,4
PAL9697,1997-01-25,1500,TOR,3.0,3,4
PAL9697,1997-01-25,1500,TOR,4.0,113,188
PAL9697,1997-01-25,1500,TOR,5.0,41,73
PAL9697,1997-01-25,1500,TOR,12.0,89,271
PAL9697,1997-01-25,1500,TOR,13.0,83,212
PAL9697,1997-01-25,1500,TOR,15.0,54,139
PAL9697,1997-01-25,1500,TOR,17.0,3,7
PAL9697,1997-01-25,1500,TOR,18.0,82,327
PAL9697,1997-01-25,1500,TOR,19.0,198,608
PAL9697,1997-01-25,1500,TOR,20.0,81,207
PAL9697,1997-01-25,1500,TOR,21.0,30,98
PAL9697,1997-01-25,1500,TOR,22.0,23,42
PAL9697,1997-01-25,1500,TOR,23.0,73,216
PAL9697,1997-01-25,1500,TOR,23.1,14,4
PAL9798,1997-01-29,1400,LIT,8.0,70,161
PAL9798,1997-01-29,1400,LIT,9.0,28,22
PAL9798,1998-01-29,1400,LIT,1.0,6,12
PAL9798,1998-01-29,1400,LIT,2.0,19,19
PAL9798,1998-01-29,,LIT,3.0,0,0
PAL9798,1998-01-29,1400,LIT,4.0,33,49
PAL9798,1998-01-29,1400,LIT,5.0,34,84
PAL9798,1998-01-29,1400,LIT,6.0,58,114
PAL9798,1998-01-29,1400,LIT,7.0,50,50
PAL9798,1998-01-30,1000,HUM,1.1,0,0
PAL9798,1998-01-30,1000,HUM,1.2,0,0
PAL9798,1998-01-30,1000,HUM,1.3,0,0
PAL9798,1998-01-30,1000,HUM,2.1,145,170
PAL9798,1998-01-30,1000,HUM,2.2,42,70
PAL9798,1998-01-30,1000,HUM,3.0,145,335
PAL9798,1998-01-30,1000,HUM,3.1,4,1
PAL9798,1998-01-30,1000,HUM,4.0,77,141
PAL9798,1998-01-30,1000,HUM,5.0,172,342
PAL9798,1998-01-30,1200,TOR,1.0,75,74
PAL9798,1998-01-30,1200,TOR,2.0,0,0
PAL9798,1998-01-30,1200,TOR,3.0,7,2
PAL9798,1998-01-30,1200,TOR,4.0,141,173
PAL9798,1998-01-30,1200,TOR,5.0,64,58
PAL9798,1998-01-30,1200,TOR,12.0,163,256
PAL9798,1998-01-30,1200,TOR,13.0,172,167
PAL9798,1998-01-30,1200,TOR,15.0,99,140
PAL9798,1998-01-30,1200,TOR,17.0,7,3
PAL9798,1998-01-30,1200,TOR,18.0,134,314
PAL9798,1998-01-30,1200,TOR,19.0,267,590
PAL9798,1998-01-30,1200,TOR,20.0,205,196
PAL9798,1998-01-30,1200,TOR,21.0,41,86
PAL9798,1998-01-30,1200,TOR,22.0,29,30
PAL9798,1998-01-30,1200,TOR,23.0,150,220
PAL9798,1998-01-30,1200,TOR,23.1,15,4
PAL9798,1998-02-03,1300,CHR,1.0,109,231
PAL9798,1998-02-03,1300,CHR,2.0,48,62
PAL9798,1998-02-03,1300,CHR,3.0,33,79
PAL9798,1998-02-03,1300,CHR,3.1,19,44
PAL9798,1998-02-03,1300,CHR,4.1,2,5
PAL9798,1998-02-03,1300,CHR,5.0,25,49
PAL9798,1998-02-03,1300,CHR,6.0,82,118
PAL9798,1998-02-03,1300,CHR,7.0,202,354
PAL9798,1998-02-03,1300,CHR,7.1,14,14
PAL9798,1998-02-03,1300,CHR,7.2,41,60
PAL9798,1998-02-03,1300,CHR,8.0,119,167
PAL9798,1998-02-03,1300,CHR,9.1,28,43
PAL9798,1998-02-03,1300,CHR,10.0,5,7
PAL9798,1998-02-03,1300,CHR,11.0,0,0
PAL9798,1998-02-03,1200,COR,1.0,2,2
PAL9798,1998-02-03,1200,COR,2.0,61,105
PAL9798,1998-02-03,1200,COR,3.0,28,51
PAL9798,1998-02-03,1200,COR,4.0,3,3
PAL9798,1998-02-03,1200,COR,5.0,257,280
PAL9798,1998-02-03,1200,COR,5.1,100,134
PAL9798,1998-02-03,1200,COR,6.0,64,69
PAL9899,1999-01-23,1100,CHR,1.0,167,193
PAL9899,1999-01-23,1100,CHR,2.0,37,57
PAL9899,1999-01-23,1100,CHR,3.0,52,77
PAL9899,1999-01-23,1100,CHR,3.1,40,43
PAL9899,1999-01-23,1100,CHR,4.1,1,2
PAL9899,1999-01-23,1100,CHR,5.0,38,36
PAL9899,1999-01-23,1100,CHR,6.0,99,135
PAL9899,1999-01-23,1100,CHR,7.0,199,355
PAL9899,1999-01-23,1100,CHR,7.1,15,17
PAL9899,1999-01-23,1100,CHR,7.2,56,85
PAL9899,1999-01-23,1100,CHR,8.0,135,177
PAL9899,1999-01-23,1100,CHR,9.1,38,50
PAL9899,1999-01-23,1100,CHR,10.0,7,6
PAL9899,1999-01-23,1100,CHR,11.0,2,1
PAL9899,1999-01-23,1000,COR,1.0,0,0
PAL9899,1999-01-23,1000,COR,2.0,87,112
PAL9899,1999-01-23,1000,COR,3.0,47,60
PAL9899,1999-01-23,1000,COR,4.0,0,0
PAL9899,1999-01-23,1000,COR,5.0,275,367
PAL9899,1999-01-23,1000,COR,5.1,94,160
PAL9899,1999-01-23,1000,COR,6.0,63,56
PAL9899,1999-01-24,1200,HUM,1.1,0,0
PAL9899,1999-01-24,1200,HUM,1.2,0,0
PAL9899,1999-01-24,1200,HUM,1.3,0,0
PAL9899,1999-01-24,1200,HUM,2.1,75,144
PAL9899,1999-01-24,1200,HUM,2.2,51,83
PAL9899,1999-01-24,1200,HUM,3.0,68,358
PAL9899,1999-01-24,1200,HUM,3.1,0,0
PAL9899,1999-01-24,1200,HUM,4.0,46,132
PAL9899,1999-01-24,1200,HUM,5.0,72,300
PAL9899,1999-01-24,1100,LIT,1.0,7,1
PAL9899,1999-01-24,1100,LIT,2.0,18,7
PAL9899,1999-01-24,1100,LIT,3.0,0,0
PAL9899,1999-01-24,1100,LIT,4.0,16,3
PAL9899,1999-01-24,1100,LIT,5.0,39,62
PAL9899,1999-01-24,1100,LIT,6.0,49,112
PAL9899,1999-01-24,1100,LIT,7.0,31,45
PAL9899,1999-01-24,1100,LIT,8.0,65,163
PAL9899,1999-01-24,1100,LIT,9.0,23,29
PAL9899,1999-01-24,1400,TOR,1.0,46,37
PAL9899,1999-01-24,1400,TOR,2.0,0,0
PAL9899,1999-01-24,1400,TOR,3.0,0,0
PAL9899,1999-01-24,1400,TOR,4.0,96,115
PAL9899,1999-01-24,1400,TOR,5.0,32,29
PAL9899,1999-01-24,1400,TOR,12.0,93,225
PAL9899,1999-01-24,1400,TOR,13.0,80,161
PAL9899,1999-01-24,1400,TOR,15.0,45,132
PAL9899,1999-01-24,1400,TOR,17.0,2,3
PAL9899,1999-01-24,1400,TOR,18.0,85,329
PAL9899,1999-01-24,1400,TOR,19.0,178,610
PAL9899,1999-01-24,1400,TOR,20.0,83,196
PAL9899,1999-01-24,1400,TOR,21.0,28,34
PAL9899,1999-01-24,1400,TOR,22.0,10,10
PAL9899,1999-01-24,1400,TOR,23.0,87,194
PAL9899,1999-01-24,1400,TOR,23.1,0,0
PAL9900,2000-01-25,1200,HUM,1.1,0,0
PAL9900,2000-01-25,1200,HUM,1.2,0,0
PAL9900,2000-01-25,1200,HUM,1.3,0,0
PAL9900,2000-01-25,1200,HUM,2.1,102,120
PAL9900,2000-01-25,1200,HUM,2.2,51,78
PAL9900,2000-01-25,1200,HUM,3.0,121,307
PAL9900,2000-01-25,1200,HUM,3.1,0,0
PAL9900,2000-01-25,1200,HUM,4.0,54,117
PAL9900,2000-01-25,1200,HUM,5.0,123,194
PAL9900,2000-01-25,1100,LIT,1.0,7,1
PAL9900,2000-01-25,1100,LIT,2.0,15,9
PAL9900,2000-01-25,1100,LIT,3.0,0,0
PAL9900,2000-01-25,1100,LIT,4.0,10,1
PAL9900,2000-01-25,1100,LIT,5.0,69,28
PAL9900,2000-01-25,1100,LIT,6.0,95,48
PAL9900,2000-01-25,1100,LIT,7.0,48,30
PAL9900,2000-01-25,1100,LIT,8.0,135,150
PAL9900,2000-01-25,1100,LIT,9.0,30,23
PAL9900,2000-01-25,1600,TOR,1.0,42,23
PAL9900,2000-01-25,1600,TOR,2.0,0,0
PAL9900,2000-01-25,1600,TOR,3.0,0,0
PAL9900,2000-01-25,1600,TOR,4.0,84,107
PAL9900,2000-01-25,1600,TOR,5.0,23,30
PAL9900,2000-01-25,1600,TOR,12.0,116,207
PAL9900,2000-01-25,1600,TOR,13.0,94,136
PAL9900,2000-01-25,1600,TOR,15.0,55,151
PAL9900,2000-01-25,1600,TOR,17.0,0,0
PAL9900,2000-01-25,1600,TOR,18.0,80,255
PAL9900,2000-01-25,1600,TOR,19.0,163,643
PAL9900,2000-01-25,1600,TOR,20.0,96,186
PAL9900,2000-01-25,1600,TOR,21.0,3,1
PAL9900,2000-01-25,1600,TOR,22.0,0,0
PAL9900,2000-01-25,1600,TOR,23.0,118,120
PAL9900,2000-01-25,1600,TOR,23.1,0,0
PAL9900,2000-01-28,1600,CHR,1.0,90,196
PAL9900,2000-01-28,1600,CHR,2.0,28,51
PAL9900,2000-01-28,1600,CHR,3.0,31,70
PAL9900,2000-01-28,1600,CHR,3.1,28,32
PAL9900,2000-01-28,1600,CHR,4.1,1,1
PAL9900,2000-01-28,1600,CHR,5.0,15,50
PAL9900,2000-01-28,1600,CHR,6.0,74,142
PAL9900,2000-01-28,1600,CHR,7.0,219,379
PAL9900,2000-01-28,1600,CHR,7.1,18,21
PAL9900,2000-01-28,1600,CHR,7.2,36,93
PAL9900,2000-01-28,1600,CHR,8.0,110,182
PAL9900,2000-01-28,1600,CHR,9.1,28,57
PAL9900,2000-01-28,1600,CHR,10.0,3,3
PAL9900,2000-01-28,1600,CHR,11.0,2,2
PAL9900,2000-01-28,1400,COR,1.0,0,0
PAL9900,2000-01-28,1400,COR,2.0,46,101
PAL9900,2000-01-28,1400,COR,3.0,32,67
PAL9900,2000-01-28,1400,COR,4.0,0,0
PAL9900,2000-01-28,1400,COR,5.0,220,308
PAL9900,2000-01-28,1400,COR,5.1,81,152
PAL9900,2000-01-28,1400,COR,6.0,30,37
PAL0001,2001-01-22,1100,LIT,1.0,0,0
PAL0001,2001-01-22,1100,LIT,2.0,0,0
PAL0001,2001-01-22,1100,LIT,3.0,0,0
PAL0001,2001-01-22,1100,LIT,4.0,0,0
PAL0001,2001-01-22,1100,LIT,5.0,36,23
PAL0001,2001-01-22,1100,LIT,6.0,50,36
PAL0001,2001-01-22,1100,LIT,7.0,21,27
PAL0001,2001-01-22,1100,LIT,8.0,73,122
PAL0001,2001-01-22,1100,LIT,9.0,19,15
PAL0001,2001-01-23,1600,CHR,1.0,75,196
PAL0001,2001-01-23,1600,CHR,2.0,24,49
PAL0001,2001-01-23,1600,CHR,3.0,30,62
PAL0001,2001-01-23,1600,CHR,3.1,20,32
PAL0001,2001-01-23,1600,CHR,4.1,0,0
PAL0001,2001-01-23,1600,CHR,5.0,14,43
PAL0001,2001-01-23,1600,CHR,6.0,51,123
PAL0001,2001-01-23,1600,CHR,7.0,199,359
PAL0001,2001-01-23,1600,CHR,7.1,11,18
PAL0001,2001-01-23,1600,CHR,7.2,37,78
PAL0001,2001-01-23,1600,CHR,8.0,87,183
PAL0001,2001-01-23,1600,CHR,9.1,28,69
PAL0001,2001-01-23,1600,CHR,10.0,2,4
PAL0001,2001-01-23,1600,CHR,11.0,2,2
PAL0001,2001-01-23,1400,COR,1.0,0,0
PAL0001,2001-01-23,1400,COR,2.0,55,105
PAL0001,2001-01-23,1400,COR,3.0,32,61
PAL0001,2001-01-23,1400,COR,4.0,0,0
PAL0001,2001-01-23,1400,COR,5.0,228,318
PAL0001,2001-01-23,1400,COR,5.1,69,158
PAL0001,2001-01-23,1400,COR,6.0,23,21
PAL0001,2001-01-23,1200,HUM,1.1,0,0
PAL0001,2001-01-23,1200,HUM,1.2,0,0
PAL0001,2001-01-23,1200,HUM,1.3,0,0
PAL0001,2001-01-23,1200,HUM,2.1,25,128
PAL0001,2001-01-23,1200,HUM,2.2,17,85
PAL0001,2001-01-23,1200,HUM,3.0,53,335
PAL0001,2001-01-23,1200,HUM,3.1,0,0
PAL0001,2001-01-23,1200,HUM,4.0,24,111
PAL0001,2001-01-23,1200,HUM,5.0,47,266
PAL0001,2001-01-24,1600,TOR,1.0,29,42
PAL0001,2001-01-24,1600,TOR,2.0,0,0
PAL0001,2001-01-24,1600,TOR,3.0,0,0
PAL0001,2001-01-24,1600,TOR,4.0,46,120
PAL0001,2001-01-24,1600,TOR,5.0,9,42
PAL0001,2001-01-24,1600,TOR,12.0,154,218
PAL0001,2001-01-24,1600,TOR,13.0,109,145
PAL0001,2001-01-24,1600,TOR,15.0,35,157
PAL0001,2001-01-24,1600,TOR,17.0,0,0
PAL0001,2001-01-24,1600,TOR,18.0,35,252
PAL0001,2001-01-24,1600,TOR,19.0,134,668
PAL0001,2001-01-24,1600,TOR,20.0,52,165
PAL0001,2001-01-24,1600,TOR,21.0,0,0
PAL0001,2001-01-24,1600,TOR,22.0,0,0
PAL0001,2001-01-24,1600,TOR,23.0,55,108
PAL0001,2001-01-24,1600,TOR,23.1,0,0
PAL0102,2002-01-23,1200,HUM,1.1,0,0
PAL0102,2002-01-23,1200,HUM,1.2,0,0
PAL0102,2002-01-23,1200,HUM,1.3,0,0
PAL0102,2002-01-23,1200,HUM,2.1,32,21
PAL0102,2002-01-23,1200,HUM,2.2,19,37
PAL0102,2002-01-23,1200,HUM,3.0,81,144
PAL0102,2002-01-23,1200,HUM,3.1,0,0
PAL0102,2002-01-23,1200,HUM,4.0,1,22
PAL0102,2002-01-23,1200,HUM,5.0,45,48
PAL0102,2002-01-23,1100,LIT,1.0,0,0
PAL0102,2002-01-23,1100,LIT,2.0,0,0
PAL0102,2002-01-23,1100,LIT,3.0,0,0
PAL0102,2002-01-23,1100,LIT,4.0,0,0
PAL0102,2002-01-23,1100,LIT,5.0,19,0
PAL0102,2002-01-23,1100,LIT,6.0,16,0
PAL0102,2002-01-23,1100,LIT,7.0,0,0
PAL0102,2002-01-23,1100,LIT,8.0,56,0
PAL0102,2002-01-23,1100,LIT,9.0,0,0
PAL0102,2002-01-23,1600,TOR,1.0,7,11
PAL0102,2002-01-23,1600,TOR,2.0,0,0
PAL0102,2002-01-23,1600,TOR,3.0,0,0
PAL0102,2002-01-23,1600,TOR,4.0,65,29
PAL0102,2002-01-23,1600,TOR,5.0,14,23
PAL0102,2002-01-23,1600,TOR,12.0,62,33
PAL0102,2002-01-23,1600,TOR,13.0,41,38
PAL0102,2002-01-23,1600,TOR,15.0,57,68
PAL0102,2002-01-23,1600,TOR,17.0,0,0
PAL0102,2002-01-23,1600,TOR,18.0,27,26
PAL0102,2002-01-23,1600,TOR,19.0,181,86
PAL0102,2002-01-23,1600,TOR,20.0,57,32
PAL0102,2002-01-23,1600,TOR,21.0,0,0
PAL0102,2002-01-23,1600,TOR,22.0,0,0
PAL0102,2002-01-23,1600,TOR,23.0,46,26
PAL0102,2002-01-23,1600,TOR,23.1,0,0
PAL0102,2002-01-25,1100,CHR,1.0,1,16
PAL0102,2002-01-25,1100,CHR,2.0,12,48
PAL0102,2002-01-25,1100,CHR,3.0,5,25
PAL0102,2002-01-25,1100,CHR,3.1,0,0
PAL0102,2002-01-25,1100,CHR,4.1,0,0
PAL0102,2002-01-25,1100,CHR,5.0,9,12
PAL0102,2002-01-25,1100,CHR,6.0,16,73
PAL0102,2002-01-25,1100,CHR,7.0,67,217
PAL0102,2002-01-25,1100,CHR,7.1,0,0
PAL0102,2002-01-25,1100,CHR,7.2,12,28
PAL0102,2002-01-25,1100,CHR,8.0,32,70
PAL0102,2002-01-25,1100,CHR,9.1,15,22
PAL0102,2002-01-25,1100,CHR,10.0,0,0
PAL0102,2002-01-25,1100,CHR,11.0,0,0
PAL0102,2002-01-25,1000,COR,1.0,0,0
PAL0102,2002-01-25,1000,COR,2.0,18,38
PAL0102,2002-01-25,1000,COR,3.0,8,26
PAL0102,2002-01-25,1000,COR,4.0,0,0
PAL0102,2002-01-25,1000,COR,5.0,42,47
PAL0102,2002-01-25,1000,COR,5.1,17,63
PAL0102,2002-01-25,1000,COR,6.0,0,0
PAL0203,2003-01-25,1100,CHR,1.0,108,98
PAL0203,2003-01-25,1100,CHR,2.0,27,19
PAL0203,2003-01-25,1100,CHR,3.0,44,46
PAL0203,2003-01-25,1100,CHR,3.1,13,8
PAL0203,2003-01-25,1100,CHR,4.1,0,0
PAL0203,2003-01-25,1100,CHR,5.0,25,23
PAL0203,2003-01-25,1100,CHR,6.0,105,91
PAL0203,2003-01-25,1100,CHR,7.0,248,287
PAL0203,2003-01-25,1100,CHR,7.1,5,3
PAL0203,2003-01-25,1100,CHR,7.2,44,44
PAL0203,2003-01-25,1100,CHR,8.0,100,112
PAL0203,2003-01-25,1100,CHR,9.1,44,44
PAL0203,2003-01-25,1100,CHR,10.0,0,0
PAL0203,2003-01-25,1100,CHR,11.0,2,0
PAL0203,2003-01-25,1000,COR,1.0,0,0
PAL0203,2003-01-25,1000,COR,2.0,63,70
PAL0203,2003-01-25,1000,COR,3.0,42,45
PAL0203,2003-01-25,1000,COR,4.0,0,0
PAL0203,2003-01-25,1000,COR,5.0,162,168
PAL0203,2003-01-25,1000,COR,5.1,90,113
PAL0203,2003-01-25,1000,COR,6.0,5,3
PAL0203,2003-01-25,1200,HUM,1.1,0,0
PAL0203,2003-01-25,1200,HUM,1.2,0,0
PAL0203,2003-01-25,1200,HUM,1.3,0,0
PAL0203,2003-01-25,1200,HUM,2.1,45,50
PAL0203,2003-01-25,1200,HUM,2.2,35,63
PAL0203,2003-01-25,1200,HUM,3.0,211,267
PAL0203,2003-01-25,1200,HUM,3.1,0,0
PAL0203,2003-01-25,1200,HUM,4.0,44,55
PAL0203,2003-01-25,1200,HUM,5.0,130,171
PAL0203,2003-01-25,1100,LIT,1.0,0,0
PAL0203,2003-01-25,1100,LIT,2.0,0,0
PAL0203,2003-01-25,1100,LIT,3.0,0,0
PAL0203,2003-01-25,1100,LIT,4.0,0,0
PAL0203,2003-01-25,1100,LIT,5.0,2,0
PAL0203,2003-01-25,1100,LIT,6.0,0,0
PAL0203,2003-01-25,1100,LIT,7.0,0,0
PAL0203,2003-01-25,1100,LIT,8.0,56,4
PAL0203,2003-01-25,1100,LIT,9.0,0,0
PAL0203,2003-01-25,1600,TOR,1.0,14,7
PAL0203,2003-01-25,1600,TOR,2.0,0,0
PAL0203,2003-01-25,1600,TOR,3.0,0,0
PAL0203,2003-01-25,1600,TOR,4.0,70,78
PAL0203,2003-01-25,1600,TOR,5.0,35,35
PAL0203,2003-01-25,1600,TOR,12.0,87,83
PAL0203,2003-01-25,1600,TOR,13.0,63,45
PAL0203,2003-01-25,1600,TOR,15.0,82,107
PAL0203,2003-01-25,1600,TOR,17.0,0,0
PAL0203,2003-01-25,1600,TOR,18.0,95,122
PAL0203,2003-01-25,1600,TOR,19.0,336,447
PAL0203,2003-01-25,1600,TOR,20.0,82,105
PAL0203,2003-01-25,1600,TOR,21.0,0,0
PAL0203,2003-01-25,1600,TOR,22.0,0,0
PAL0203,2003-01-25,1600,TOR,23.0,69,63
PAL0203,2003-01-25,1600,TOR,23.1,0,0
PAL0304,2004-01-21,,HUM,1.1,0,0
PAL0304,2004-01-21,,HUM,1.2,0,0
PAL0304,2004-01-21,,HUM,1.3,0,0
PAL0304,2004-01-21,,HUM,2.1,40,58
PAL0304,2004-01-21,,HUM,2.2,43,56
PAL0304,2004-01-21,,HUM,3.0,195,211
PAL0304,2004-01-21,,HUM,3.1,0,0
PAL0304,2004-01-21,,HUM,4.0,35,40
PAL0304,2004-01-21,,HUM,5.0,102,137
PAL0304,2004-01-21,,LIT,1.0,0,0
PAL0304,2004-01-21,,LIT,2.0,0,0
PAL0304,2004-01-21,,LIT,3.0,0,0
PAL0304,2004-01-21,,LIT,4.0,0,0
PAL0304,2004-01-21,,LIT,5.0,0,0
PAL0304,2004-01-21,,LIT,6.0,0,0
PAL0304,2004-01-21,,LIT,7.0,0,0
PAL0304,2004-01-21,,LIT,8.0,46,28
PAL0304,2004-01-21,,LIT,9.0,0,0
PAL0304,2004-01-21,,TOR,1.0,13,8
PAL0304,2004-01-21,,TOR,2.0,0,0
PAL0304,2004-01-21,,TOR,3.0,0,0
PAL0304,2004-01-21,,TOR,4.0,65,75
PAL0304,2004-01-21,,TOR,5.0,29,44
PAL0304,2004-01-21,,TOR,12.0,70,67
PAL0304,2004-01-21,,TOR,13.0,40,33
PAL0304,2004-01-21,,TOR,15.0,81,113
PAL0304,2004-01-21,,TOR,17.0,0,0
PAL0304,2004-01-21,,TOR,18.0,89,132
PAL0304,2004-01-21,,TOR,19.0,272,389
PAL0304,2004-01-21,,TOR,20.0,77,118
PAL0304,2004-01-21,,TOR,21.0,0,0
PAL0304,2004-01-21,,TOR,22.0,0,0
PAL0304,2004-01-21,,TOR,23.0,68,55
PAL0304,2004-01-21,,TOR,23.1,0,0
PAL0304,2004-01-23,1100,CHR,1.0,96,91
PAL0304,2004-01-23,,CHR,2.0,21,20
PAL0304,2004-01-23,,CHR,3.0,45,39
PAL0304,2004-01-23,,CHR,3.1,12,7
PAL0304,2004-01-23,,CHR,4.1,0,0
PAL0304,2004-01-23,,CHR,5.0,24,21
PAL0304,2004-01-23,,CHR,6.0,0,0
PAL0304,2004-01-23,,CHR,7.0,41,55
PAL0304,2004-01-23,,CHR,7.1,277,331
PAL0304,2004-01-23,,CHR,7.2,81,127
PAL0304,2004-01-23,,CHR,8.0,96,110
PAL0304,2004-01-23,,CHR,9.1,43,50
PAL0304,2004-01-23,,CHR,10.0,0,0
PAL0304,2004-01-23,,CHR,11.0,2,0
PAL0304,2004-01-23,,COR,1.0,0,0
PAL0304,2004-01-23,,COR,2.0,62,67
PAL0304,2004-01-23,,COR,3.0,44,32
PAL0304,2004-01-23,,COR,4.0,0,0
PAL0304,2004-01-23,,COR,5.0,135,130
PAL0304,2004-01-23,,COR,5.1,86,103
PAL0304,2004-01-23,,COR,6.0,0,0
PAL0405,2005-01-26,,HUM,1.1,0,0
PAL0405,2005-01-26,,HUM,1.2,0,0
PAL0405,2005-01-26,,HUM,1.3,0,0
PAL0405,2005-01-26,,HUM,2.1,45,40
PAL0405,2005-01-26,,HUM,2.2,45,50
PAL0405,2005-01-26,,HUM,3.0,,
PAL0405,2005-01-26,,HUM,3.1,0,0
PAL0405,2005-01-26,,HUM,4.0,20,23
PAL0405,2005-01-26,,HUM,5.0,78,73
PAL0405,2005-01-26,,TOR,1.0,0,0
PAL0405,2005-01-26,,TOR,2.0,0,0
PAL0405,2005-01-26,,TOR,3.0,0,0
PAL0405,2005-01-26,,TOR,4.0,63,54
PAL0405,2005-01-26,,TOR,5.0,28,26
PAL0405,2005-01-26,,TOR,12.0,42,25
PAL0405,2005-01-26,,TOR,13.0,17,19
PAL0405,2005-01-26,,TOR,15.0,76,90
PAL0405,2005-01-26,,TOR,17.0,0,0
PAL0405,2005-01-26,,TOR,18.0,,45
PAL0405,2005-01-26,,TOR,19.0,0,296
PAL0405,2005-01-26,,TOR,20.0,69,94
PAL0405,2005-01-26,,TOR,21.0,0,0
PAL0405,2005-01-26,,TOR,22.0,0,0
PAL0405,2005-01-26,,TOR,23.0,42,12
PAL0405,2005-01-26,,TOR,23.1,0,0
PAL0405,2005-01-27,1100,CHR,1.0,45,27
PAL0405,2005-01-27,,CHR,2.0,0,0
PAL0405,2005-01-27,,CHR,3.0,26,37
PAL0405,2005-01-27,,CHR,3.1,0,0
PAL0405,2005-01-27,,CHR,4.1,0,0
PAL0405,2005-01-27,,CHR,5.0,14,7
PAL0405,2005-01-27,,CHR,6.0,76,98
PAL0405,2005-01-27,,CHR,7.0,,
PAL0405,2005-01-27,,CHR,7.1,0,0
PAL0405,2005-01-27,,CHR,7.2,,39
PAL0405,2005-01-27,,CHR,8.0,94,99
PAL0405,2005-01-27,,CHR,9.1,41,43
PAL0405,2005-01-27,,CHR,10.0,0,0
PAL0405,2005-01-27,,CHR,11.0,0,0
PAL0405,2005-01-27,,COR,1.0,0,0
PAL0405,2005-01-27,,COR,2.0,48,54
PAL0405,2005-01-27,,COR,3.0,31,42
PAL0405,2005-01-27,,COR,4.0,0,0
PAL0405,2005-01-27,,COR,5.0,,52
PAL0405,2005-01-27,,COR,5.1,69,79
PAL0405,2005-01-27,,COR,6.0,0,0
PAL0405,2005-01-27,,LIT,1.0,0,0
PAL0405,2005-01-27,,LIT,2.0,0,0
PAL0405,2005-01-27,,LIT,3.0,0,0
PAL0405,2005-01-27,,LIT,4.0,0,0
PAL0405,2005-01-27,,LIT,5.0,0,0
PAL0405,2005-01-27,,LIT,6.0,0,0
PAL0405,2005-01-27,,LIT,7.0,0,0
PAL0405,2005-01-27,,LIT,8.0,30,14
PAL0405,2005-01-27,,LIT,9.0,0,0
PAL0506,2006-01-16,,LIT,1.0,0,0
PAL0506,2006-01-16,,LIT,2.0,0,0
PAL0506,2006-01-16,,LIT,3.0,0,0
PAL0506,2006-01-16,,LIT,4.0,0,0
PAL0506,2006-01-16,,LIT,5.0,0,0
PAL0506,2006-01-16,,LIT,6.0,0,0
PAL0506,2006-01-16,,LIT,7.0,0,0
PAL0506,2006-01-16,,LIT,8.0,6,5
PAL0506,2006-01-16,,LIT,9.0,0,0
PAL0506,2006-01-18,1100,CHR,1.0,40,30
PAL0506,2006-01-18,,CHR,2.0,0,0
PAL0506,2006-01-18,,CHR,3.0,40,35
PAL0506,2006-01-18,,CHR,3.1,0,0
PAL0506,2006-01-18,,CHR,4.1,0,0
PAL0506,2006-01-18,,CHR,5.0,12,4
PAL0506,2006-01-18,,CHR,6.0,75,90
PAL0506,2006-01-18,,CHR,7.0,243,246
PAL0506,2006-01-18,,CHR,7.1,0,0
PAL0506,2006-01-18,,CHR,7.2,27,23
PAL0506,2006-01-18,,CHR,8.0,98,95
PAL0506,2006-01-18,,CHR,9.1,36,49
PAL0506,2006-01-18,,CHR,10.0,0,0
PAL0506,2006-01-18,,CHR,11.0,0,0
PAL0506,2006-01-18,,COR,1.0,0,0
PAL0506,2006-01-18,,COR,2.0,52,60
PAL0506,2006-01-18,,COR,3.0,32,42
PAL0506,2006-01-18,,COR,4.0,0,0
PAL0506,2006-01-18,,COR,5.0,23,21
PAL0506,2006-01-18,,COR,5.1,66,75
PAL0506,2006-01-18,,COR,6.0,0,0
PAL0506,2006-01-18,,HUM,1.1,0,0
PAL0506,2006-01-18,,HUM,1.2,0,0
PAL0506,2006-01-18,,HUM,1.3,0,0
PAL0506,2006-01-18,,HUM,2.1,23,42
PAL0506,2006-01-18,,HUM,2.2,22,53
PAL0506,2006-01-18,,HUM,3.0,48,83
PAL0506,2006-01-18,,HUM,3.1,0,0
PAL0506,2006-01-18,,HUM,4.0,8,14
PAL0506,2006-01-18,,HUM,5.0,35,74
PAL0506,2006-01-18,,TOR,1.0,0,0
PAL0506,2006-01-18,,TOR,2.0,0,0
PAL0506,2006-01-18,,TOR,3.0,0,0
PAL0506,2006-01-18,,TOR,4.0,34,24
PAL0506,2006-01-18,,TOR,5.0,18,24
PAL0506,2006-01-18,,TOR,12.0,7,3
PAL0506,2006-01-18,,TOR,13.0,0,0
PAL0506,2006-01-18,,TOR,15.0,60,60
PAL0506,2006-01-18,,TOR,17.0,0,0
PAL0506,2006-01-18,,TOR,18.0,30,42
PAL0506,2006-01-18,,TOR,19.0,184,252
PAL0506,2006-01-18,,TOR,20.0,50,68
PAL0506,2006-01-18,,TOR,21.0,0,0
PAL0506,2006-01-18,,TOR,22.0,0,0
PAL0506,2006-01-18,,TOR,23.0,7,0
PAL0506,2006-01-18,,TOR,23.1,0,0
PAL0607,2007-01-22,1100,CHR,1.0,16,14
PAL0607,2007-01-22,,CHR,2.0,0,0
PAL0607,2007-01-22,,CHR,3.0,31,26
PAL0607,2007-01-22,,CHR,3.1,0,0
PAL0607,2007-01-22,,CHR,4.1,0,0
PAL0607,2007-01-22,,CHR,5.0,0,0
PAL0607,2007-01-22,,CHR,6.0,59,41
PAL0607,2007-01-22,,CHR,7.0,0,234
PAL0607,2007-01-22,,CHR,7.1,0,0
PAL0607,2007-01-22,,CHR,7.2,0,18
PAL0607,2007-01-22,,CHR,8.0,87,54
PAL0607,2007-01-22,,CHR,9.1,38,49
PAL0607,2007-01-22,,CHR,10.0,0,0
PAL0607,2007-01-22,,COR,1.0,0,0
PAL0607,2007-01-22,,COR,2.0,41,35
PAL0607,2007-01-22,,COR,3.0,30,29
PAL0607,2007-01-22,,COR,4.0,0,0
PAL0607,2007-01-22,,COR,5.0,23,11
PAL0607,2007-01-22,,COR,5.1,55,47
PAL0607,2007-01-22,,COR,6.0,0,0
PAL0607,2007-01-24,,HUM,1.1,0,0
PAL0607,2007-01-24,,HUM,1.2,0,0
PAL0607,2007-01-24,,HUM,1.3,0,0
PAL0607,2007-01-24,,HUM,2.1,24,33
PAL0607,2007-01-24,,HUM,2.2,27,44
PAL0607,2007-01-24,,HUM,3.1,0,0
PAL0607,2007-01-24,,HUM,4.0,0,0
PAL0607,2007-01-24,,HUM,5.0,29,27
PAL0607,2007-01-24,,LIT,1.0,0,0
PAL0607,2007-01-24,,LIT,2.0,0,0
PAL0607,2007-01-24,,LIT,3.0,0,0
PAL0607,2007-01-24,,LIT,4.0,0,0
PAL0607,2007-01-24,,LIT,5.0,0,0
PAL0607,2007-01-24,,LIT,6.0,0,0
PAL0607,2007-01-24,,LIT,7.0,0,0
PAL0607,2007-01-24,,LIT,8.0,0,
PAL0607,2007-01-24,,LIT,9.0,0,0
PAL0607,2007-01-24,,TOR,1.0,0,0
PAL0607,2007-01-24,,TOR,2.0,0,0
PAL0607,2007-01-24,,TOR,3.0,0,0
PAL0607,2007-01-24,,TOR,4.0,21,20
PAL0607,2007-01-24,,TOR,5.0,10,3
PAL0607,2007-01-24,,TOR,12.0,0,0
PAL0607,2007-01-24,,TOR,13.0,0,0
PAL0607,2007-01-24,,TOR,15.0,52,46
PAL0607,2007-01-24,,TOR,17.0,0,0
PAL0607,2007-01-24,,TOR,18.0,34,28
PAL0607,2007-01-24,,TOR,19.0,150,148
PAL0607,2007-01-24,,TOR,20.0,48,52
PAL0607,2007-01-24,,TOR,21.0,0,0
PAL0607,2007-01-24,,TOR,22.0,0,0
PAL0607,2007-01-24,,TOR,23.0,0,0
PAL0607,2007-01-24,,TOR,23.1,0,0
PAL0607,2007-01-25,,HUM,3.0,57,136
PAL0708,2008-01-23,1100,CHR,1.0,15,7
PAL0708,2008-01-23,,CHR,2.0,0,0
PAL0708,2008-01-23,,CHR,3.0,27,33
PAL0708,2008-01-23,,CHR,4.1,0,0
PAL0708,2008-01-23,,CHR,5.0,0,0
PAL0708,2008-01-23,,CHR,6.0,47,36
PAL0708,2008-01-23,,CHR,7.0,195,171
PAL0708,2008-01-23,,CHR,7.1,0,0
PAL0708,2008-01-23,,CHR,7.2,18,17
PAL0708,2008-01-23,,CHR,8.0,54,47
PAL0708,2008-01-23,,CHR,9.1,33,40
PAL0708,2008-01-23,,CHR,10.0,0,0
PAL0708,2008-01-23,,CHR,11.0,0,0
PAL0708,2008-01-23,,COR,1.0,0,0
PAL0708,2008-01-23,,COR,2.0,33,31
PAL0708,2008-01-23,,COR,3.0,21,21
PAL0708,2008-01-23,,COR,4.0,0,0
PAL0708,2008-01-23,,COR,5.0,13,5
PAL0708,2008-01-23,,COR,5.1,50,35
PAL0708,2008-01-23,,COR,6.0,0,0
PAL0708,2008-01-23,,HUM,1.1,0,0
PAL0708,2008-01-23,,HUM,1.2,0,0
PAL0708,2008-01-23,,HUM,1.3,0,0
PAL0708,2008-01-23,,HUM,2.1,32,15
PAL0708,2008-01-23,,HUM,2.2,31,46
PAL0708,2008-01-23,,HUM,3.0,60,87
PAL0708,2008-01-23,,HUM,3.1,0,0
PAL0708,2008-01-23,,HUM,4.0,0,0
PAL0708,2008-01-23,,HUM,5.0,34,34
PAL0708,2008-01-23,,LIT,1.0,0,0
PAL0708,2008-01-23,,LIT,2.0,0,0
PAL0708,2008-01-23,,LIT,3.0,0,0
PAL0708,2008-01-23,,LIT,4.0,0,0
PAL0708,2008-01-23,,LIT,5.0,0,0
PAL0708,2008-01-23,,LIT,6.0,0,0
PAL0708,2008-01-23,,LIT,7.0,0,0
PAL0708,2008-01-23,,LIT,8.0,0,0
PAL0708,2008-01-23,,LIT,9.0,0,0
PAL0708,2008-01-23,,TOR,1.0,0,0
PAL0708,2008-01-23,,TOR,2.0,0,0
PAL0708,2008-01-23,,TOR,3.0,0,0
PAL0708,2008-01-23,,TOR,4.0,22,2
PAL0708,2008-01-23,,TOR,5.0,0,0
PAL0708,2008-01-23,,TOR,12.0,0,0
PAL0708,2008-01-23,,TOR,13.0,0,0
PAL0708,2008-01-23,,TOR,15.0,36,19
PAL0708,2008-01-23,,TOR,17.0,0,0
PAL0708,2008-01-23,,TOR,18.0,27,20
PAL0708,2008-01-23,,TOR,19.0,148,119
PAL0708,2008-01-23,,TOR,20.0,52,29
PAL0708,2008-01-23,,TOR,21.0,0,0
PAL0708,2008-01-23,,TOR,22.0,0,0
PAL0708,2008-01-23,,TOR,23.0,0,0
PAL0708,2008-01-23,,TOR,23.1,0,0
PAL0809,2009-01-16,1100,CHR,1.0,11,8
PAL0809,2009-01-16,,CHR,2.0,0,0
PAL0809,2009-01-16,,CHR,3.0,22,10
PAL0809,2009-01-16,,CHR,4.1,0,0
PAL0809,2009-01-16,,CHR,5.0,0,0
PAL0809,2009-01-16,,CHR,6.0,45,22
PAL0809,2009-01-16,,CHR,7.0,209,139
PAL0809,2009-01-16,,CHR,7.1,0,0
PAL0809,2009-01-16,,CHR,7.2,16,10
PAL0809,2009-01-16,,CHR,8.0,57,35
PAL0809,2009-01-16,,CHR,9.1,37,37
PAL0809,2009-01-16,,CHR,10.0,0,0
PAL0809,2009-01-16,,CHR,11.0,0,0
PAL0809,2009-01-16,,COR,1.0,0,0
PAL0809,2009-01-16,,COR,2.0,40,31
PAL0809,2009-01-16,,COR,3.0,28,35
PAL0809,2009-01-16,,COR,4.0,0,0
PAL0809,2009-01-16,,COR,5.0,9,8
PAL0809,2009-01-16,,COR,5.1,46,43
PAL0809,2009-01-16,,COR,6.0,0,0
PAL0809,2009-01-16,,HUM,1.1,0,0
PAL0809,2009-01-16,,HUM,1.2,0,0
PAL0809,2009-01-16,,HUM,1.3,0,0
PAL0809,2009-01-16,,HUM,2.1,28,23
PAL0809,2009-01-16,,HUM,2.2,38,45
PAL0809,2009-01-16,,HUM,3.0,69,78
PAL0809,2009-01-16,,HUM,3.1,0,0
PAL0809,2009-01-16,,HUM,4.0,0,0
PAL0809,2009-01-16,,HUM,5.0,28,28
PAL0809,2009-01-16,,LIT,1.0,0,0
PAL0809,2009-01-16,,LIT,2.0,0,0
PAL0809,2009-01-16,,LIT,3.0,0,0
PAL0809,2009-01-16,,LIT,4.0,0,0
PAL0809,2009-01-16,,LIT,5.0,0,0
PAL0809,2009-01-16,,LIT,6.0,0,0
PAL0809,2009-01-16,,LIT,7.0,0,0
PAL0809,2009-01-16,,LIT,8.0,0,0
PAL0809,2009-01-16,,LIT,9.0,0,0
PAL0809,2009-01-16,,TOR,1.0,0,0
PAL0809,2009-01-16,,TOR,2.0,0,0
PAL0809,2009-01-16,,TOR,3.0,0,0
PAL0809,2009-01-16,,TOR,4.0,20,8
PAL0809,2009-01-16,,TOR,5.0,0,0
PAL0809,2009-01-16,,TOR,12.0,0,0
PAL0809,2009-01-16,,TOR,13.0,0,0
PAL0809,2009-01-16,,TOR,15.0,31,13
PAL0809,2009-01-16,,TOR,17.0,0,0
PAL0809,2009-01-16,,TOR,18.0,27,23
PAL0809,2009-01-16,,TOR,19.0,157,138
PAL0809,2009-01-16,,TOR,20.0,52,45
PAL0809,2009-01-16,,TOR,21.0,0,0
PAL0809,2009-01-16,,TOR,22.0,0,0
PAL0809,2009-01-16,,TOR,23.0,0,0
PAL0809,2009-01-16,,TOR,23.1,0,0
PAL0910,2010-01-26,1100,CHR,1.0,9,11
PAL0910,2010-01-26,,CHR,2.0,0,0
PAL0910,2010-01-26,,CHR,3.0,18,16
PAL0910,2010-01-26,,CHR,4.1,0,0
PAL0910,2010-01-26,,CHR,5.0,0,0
PAL0910,2010-01-26,,CHR,6.0,29,26
PAL0910,2010-01-26,,CHR,7.0,190,152
PAL0910,2010-01-26,,CHR,7.1,0,0
PAL0910,2010-01-26,,CHR,7.2,12,10
PAL0910,2010-01-26,,CHR,8.0,42,42
PAL0910,2010-01-26,,CHR,9.1,42,35
PAL0910,2010-01-26,,CHR,10.0,0,0
PAL0910,2010-01-26,,CHR,11.0,0,0
PAL0910,2010-01-26,,COR,1.0,0,0
PAL0910,2010-01-26,,COR,2.0,29,29
PAL0910,2010-01-26,,COR,3.0,20,22
PAL0910,2010-01-26,,COR,4.0,0,0
PAL0910,2010-01-26,,COR,5.0,0,0
PAL0910,2010-01-26,,COR,5.1,45,35
PAL0910,2010-01-26,,COR,6.0,0,0
PAL0910,2010-01-26,,HUM,1.1,0,0
PAL0910,2010-01-26,,HUM,1.2,0,0
PAL0910,2010-01-26,,HUM,1.3,0,0
PAL0910,2010-01-26,,HUM,2.1,15,13
PAL0910,2010-01-26,,HUM,2.2,35,41
PAL0910,2010-01-26,,HUM,3.0,53,94
PAL0910,2010-01-26,,HUM,3.1,0,0
PAL0910,2010-01-26,,HUM,4.0,0,0
PAL0910,2010-01-26,,HUM,5.0,17,18
PAL0910,2010-01-26,,LIT,1.0,0,0
PAL0910,2010-01-26,,LIT,2.0,0,0
PAL0910,2010-01-26,,LIT,3.0,0,0
PAL0910,2010-01-26,,LIT,4.0,0,0
PAL0910,2010-01-26,,LIT,5.0,0,0
PAL0910,2010-01-26,,LIT,6.0,0,0
PAL0910,2010-01-26,,LIT,7.0,0,0
PAL0910,2010-01-26,,LIT,8.0,0,0
PAL0910,2010-01-26,,LIT,9.0,0,0
PAL0910,2010-01-26,,TOR,1.0,0,0
PAL0910,2010-01-26,,TOR,2.0,0,0
PAL0910,2010-01-26,,TOR,3.0,0,0
PAL0910,2010-01-26,,TOR,4.0,18,12
PAL0910,2010-01-26,,TOR,5.0,0,0
PAL0910,2010-01-26,,TOR,12.0,0,0
PAL0910,2010-01-26,,TOR,13.0,0,0
PAL0910,2010-01-26,,TOR,15.0,24,4
PAL0910,2010-01-26,,TOR,17.0,0,0
PAL0910,2010-01-26,,TOR,18.0,25,9
PAL0910,2010-01-26,,TOR,19.0,141,88
PAL0910,2010-01-26,,TOR,20.0,50,47
PAL0910,2010-01-26,,TOR,21.0,0,0
PAL0910,2010-01-26,,TOR,22.0,0,0
PAL0910,2010-01-26,,TOR,23.0,0,0
PAL0910,2010-01-26,,TOR,23.1,0,0
PAL1011,2011-01-18,1300,CHR,1.0,11,2
PAL1011,2011-01-18,1300,CHR,2.0,0,0
PAL1011,2011-01-18,1300,CHR,3.0,16,4
PAL1011,2011-01-18,1300,CHR,4.1,0,0
PAL1011,2011-01-18,1300,CHR,5.0,0,0
PAL1011,2011-01-18,1300,CHR,6.0,15,6
PAL1011,2011-01-18,1300,CHR,8.0,34,24
PAL1011,2011-01-18,1300,CHR,9.1,39,25
PAL1011,2011-01-18,1300,CHR,10.0,0,0
PAL1011,2011-01-18,1300,CHR,11.0,0,0
PAL1011,2011-01-18,1500,COR,1.0,0,0
PAL1011,2011-01-18,1500,COR,2.0,27,14
PAL1011,2011-01-18,1500,COR,3.0,21,14
PAL1011,2011-01-18,1500,COR,4.0,0,0
PAL1011,2011-01-18,1500,COR,5.0,0,0
PAL1011,2011-01-18,1500,COR,5.1,38,30
PAL1011,2011-01-18,1500,COR,6.0,0,0
PAL1011,2011-01-18,1200,HUM,1.1,0,0
PAL1011,2011-01-18,1200,HUM,1.2,0,0
PAL1011,2011-01-18,1200,HUM,1.3,0,0
PAL1011,2011-01-18,1200,HUM,2.1,19,14
PAL1011,2011-01-18,1200,HUM,2.2,33,33
PAL1011,2011-01-18,1200,HUM,3.1,0,0
PAL1011,2011-01-18,1200,HUM,4.0,0,0
PAL1011,2011-01-18,1200,HUM,5.0,24,14
PAL1011,2011-01-18,1300,LIT,1.0,0,0
PAL1011,2011-01-18,1300,LIT,2.0,0,0
PAL1011,2011-01-18,1300,LIT,3.0,0,0
PAL1011,2011-01-18,1300,LIT,4.0,0,0
PAL1011,2011-01-18,1300,LIT,5.0,0,0
PAL1011,2011-01-18,1300,LIT,6.0,0,0
PAL1011,2011-01-18,1300,LIT,7.0,0,0
PAL1011,2011-01-18,1300,LIT,8.0,0,0
PAL1011,2011-01-18,1300,LIT,9.0,0,0
PAL1011,2011-01-18,1400,TOR,1.0,0,0
PAL1011,2011-01-18,1400,TOR,2.0,0,0
PAL1011,2011-01-18,1400,TOR,3.0,0,0
PAL1011,2011-01-18,1400,TOR,4.0,8,5
PAL1011,2011-01-18,1400,TOR,5.0,0,0
PAL1011,2011-01-18,1400,TOR,12.0,0,0
PAL1011,2011-01-18,1400,TOR,13.0,0,0
PAL1011,2011-01-18,1400,TOR,15.0,8,5
PAL1011,2011-01-18,1400,TOR,17.0,0,0
PAL1011,2011-01-18,1400,TOR,20.0,41,27
PAL1011,2011-01-18,1400,TOR,21.0,0,0
PAL1011,2011-01-18,1400,TOR,22.0,0,0
PAL1011,2011-01-18,1400,TOR,23.0,0,0
PAL1011,2011-01-18,1400,TOR,23.1,0,0
PAL1011,2011-01-19,1300,CHR,7.0,169,111
PAL1011,2011-01-19,1300,CHR,7.1,0,0
PAL1011,2011-01-19,1300,CHR,7.2,9,5
PAL1011,2011-01-19,1200,HUM,3.0,71,74
PAL1011,2011-01-19,1400,TOR,18.0,20,11
PAL1011,2011-01-19,1400,TOR,19.0,120,52
PAL1112,2012-01-19,1100,CHR,1.0,9,4
PAL1112,2012-01-19,1100,CHR,2.0,0,0
PAL1112,2012-01-19,1100,CHR,3.0,9,0
PAL1112,2012-01-19,1100,CHR,4.1,0,0
PAL1112,2012-01-19,1100,CHR,5.0,0,0
PAL1112,2012-01-19,1100,CHR,6.0,21,7
PAL1112,2012-01-19,1100,CHR,7.0,195,100
PAL1112,2012-01-19,1100,CHR,7.1,0,0
PAL1112,2012-01-19,1100,CHR,7.2,4,0
PAL1112,2012-01-19,1100,CHR,8.0,33,18
PAL1112,2012-01-19,1100,CHR,9.1,32,8
PAL1112,2012-01-19,1100,CHR,10.0,0,0
PAL1112,2012-01-19,1100,CHR,11.0,0,0
PAL1112,2012-01-19,1000,COR,1.0,0,0
PAL1112,2012-01-19,1000,COR,2.0,24,11
PAL1112,2012-01-19,1000,COR,3.0,23,16
PAL1112,2012-01-19,1000,COR,4.0,0,0
PAL1112,2012-01-19,1000,COR,5.0,0,0
PAL1112,2012-01-19,1000,COR,5.1,46,24
PAL1112,2012-01-19,1000,COR,6.0,0,0
PAL1112,2012-01-19,1300,HUM,1.1,0,0
PAL1112,2012-01-19,1300,HUM,1.2,0,0
PAL1112,2012-01-19,1300,HUM,1.3,0,0
PAL1112,2012-01-19,1300,HUM,2.1,19,9
PAL1112,2012-01-19,1300,HUM,2.2,31,26
PAL1112,2012-01-19,1300,HUM,3.0,41,60
PAL1112,2012-01-19,1300,HUM,3.1,0,0
PAL1112,2012-01-19,1300,HUM,4.0,0,0
PAL1112,2012-01-19,1300,HUM,5.0,12,9
PAL1112,2012-01-19,1500,LIT,1.0,0,0
PAL1112,2012-01-19,1500,LIT,2.0,0,0
PAL1112,2012-01-19,1500,LIT,3.0,0,0
PAL1112,2012-01-19,1500,LIT,4.0,0,0
PAL1112,2012-01-19,1500,LIT,5.0,0,0
PAL1112,2012-01-19,1500,LIT,6.0,0,0
PAL1112,2012-01-19,1500,LIT,7.0,0,0
PAL1112,2012-01-19,1500,LIT,8.0,0,0
PAL1112,2012-01-19,1500,LIT,9.0,0,0
PAL1112,2012-01-19,1505,TOR,1.0,0,0
PAL1112,2012-01-19,1505,TOR,2.0,0,0
PAL1112,2012-01-19,1505,TOR,3.0,0,0
PAL1112,2012-01-19,1505,TOR,4.0,12,5
PAL1112,2012-01-19,1505,TOR,5.0,0,0
PAL1112,2012-01-22,1505,TOR,12.0,0,0
PAL1112,2012-01-22,1505,TOR,13.0,0,0
PAL1112,2012-01-22,1505,TOR,15.0,0,0
PAL1112,2012-01-22,1505,TOR,17.0,0,0
PAL1112,2012-01-22,1505,TOR,18.0,12,1
PAL1112,2012-01-22,1505,TOR,19.0,77,31
PAL1112,2012-01-22,1505,TOR,20.0,41,21
PAL1112,2012-01-22,1505,TOR,21.0,0,0
PAL1112,2012-01-22,1505,TOR,22.0,0,0
PAL1112,2012-01-22,1505,TOR,23.0,0,0
PAL1112,2012-01-22,1505,TOR,23.1,0,0
PAL1213,2013-01-24,1015,CHR,1.0,0,0
PAL1213,2013-01-24,1015,CHR,2.0,0,0
PAL1213,2013-01-24,1015,CHR,3.0,0,0
PAL1213,2013-01-24,1015,CHR,4.1,0,0
PAL1213,2013-01-24,1015,CHR,5.0,0,0
PAL1213,2013-01-24,1015,CHR,6.0,12,2
PAL1213,2013-01-24,1015,CHR,7.1,0,0
PAL1213,2013-01-24,1015,CHR,7.2,0,0
PAL1213,2013-01-24,1015,CHR,8.0,27,16
PAL1213,2013-01-24,1015,CHR,9.1,22,7
PAL1213,2013-01-24,1015,CHR,10.0,0,0
PAL1213,2013-01-24,1015,CHR,11.0,0,0
PAL1213,2013-01-24,1100,COR,1.0,0,0
PAL1213,2013-01-24,1100,COR,2.0,28,22
PAL1213,2013-01-24,1100,COR,3.0,27,13
PAL1213,2013-01-24,1100,COR,4.0,0,0
PAL1213,2013-01-24,1100,COR,5.0,0,0
PAL1213,2013-01-24,1100,COR,5.1,35,24
PAL1213,2013-01-24,1100,COR,6.0,0,0
PAL1213,2013-01-26,1015,CHR,7.0,141,95
PAL1213,2013-01-26,1320,HUM,1.1,0,0
PAL1213,2013-01-26,1320,HUM,1.2,0,0
PAL1213,2013-01-26,1320,HUM,1.3,0,0
PAL1213,2013-01-26,1320,HUM,2.1,25,23
PAL1213,2013-01-26,1320,HUM,2.2,30,30
PAL1213,2013-01-26,1320,HUM,3.0,52,78
PAL1213,2013-01-26,1320,HUM,3.1,0,0
PAL1213,2013-01-26,1320,HUM,4.0,0,0
PAL1213,2013-01-26,1320,HUM,5.0,13,9
PAL1213,2013-01-26,1300,LIT,1.0,0,0
PAL1213,2013-01-26,1300,LIT,2.0,0,0
PAL1213,2013-01-26,1300,LIT,3.0,0,0
PAL1213,2013-01-26,1300,LIT,4.0,0,0
PAL1213,2013-01-26,1300,LIT,5.0,0,0
PAL1213,2013-01-26,1300,LIT,6.0,0,0
PAL1213,2013-01-26,1300,LIT,7.0,0,0
PAL1213,2013-01-26,1300,LIT,8.0,0,0
PAL1213,2013-01-26,1300,LIT,9.0,0,0
PAL1213,2013-01-26,1530,TOR,1.0,0,0
PAL1213,2013-01-26,1530,TOR,2.0,0,0
PAL1213,2013-01-26,1530,TOR,3.0,0,0
PAL1213,2013-01-26,1530,TOR,4.0,4,1
PAL1213,2013-01-26,1530,TOR,5.0,0,0
PAL1213,2013-01-26,1530,TOR,12.0,0,0
PAL1213,2013-01-26,1530,TOR,13.0,0,0
PAL1213,2013-01-26,1530,TOR,15.0,0,0
PAL1213,2013-01-26,1530,TOR,17.0,0,0
PAL1213,2013-01-26,1530,TOR,18.0,6,1
PAL1213,2013-01-26,1530,TOR,19.0,74,35
PAL1213,2013-01-26,1530,TOR,20.0,36,17
PAL1213,2013-01-26,1530,TOR,21.0,0,0
PAL1213,2013-01-26,1530,TOR,22.0,0,0
PAL1213,2013-01-26,1530,TOR,23.0,0,0
PAL1213,2013-01-26,1530,TOR,23.1,0,0
PAL1314,2014-01-24,,HUM,2.1,23,16
PAL1314,2014-01-24,,HUM,2.2,32,33
PAL1314,2014-01-24,,HUM,3.0,60,88
PAL1314,2014-01-24,,HUM,3.1,0,0
PAL1314,2014-01-24,,HUM,4.0,0,0
PAL1314,2014-01-24,,HUM,5.0,9,9
PAL1314,2014-01-24,,LIT,1.0,0,0
PAL1314,2014-01-24,,LIT,2.0,0,0
PAL1314,2014-01-24,,LIT,3.0,0,0
PAL1314,2014-01-24,,LIT,4.0,0,0
PAL1314,2014-01-24,,LIT,5.0,0,0
PAL1314,2014-01-24,,LIT,6.0,0,0
PAL1314,2014-01-24,,LIT,7.0,0,0
PAL1314,2014-01-24,,LIT,8.0,0,0
PAL1314,2014-01-24,,LIT,9.0,0,0
PAL1314,2014-01-25,,CHR,1.0,0,0
PAL1314,2014-01-25,,CHR,2.0,0,0
PAL1314,2014-01-25,,CHR,3.0,0,0
PAL1314,2014-01-25,,CHR,4.1,0,0
PAL1314,2014-01-25,,CHR,5.0,0,0
PAL1314,2014-01-25,,CHR,6.0,0,0
PAL1314,2014-01-25,,CHR,7.0,149,40
PAL1314,2014-01-25,,CHR,7.1,0,0
PAL1314,2014-01-25,,CHR,7.2,0,0
PAL1314,2014-01-25,,CHR,8.0,0,0
PAL1314,2014-01-25,,CHR,9.1,0,0
PAL1314,2014-01-25,,CHR,10.0,0,0
PAL1314,2014-01-25,,CHR,11.0,0,0
PAL1314,2014-01-25,,COR,1.0,0,0
PAL1314,2014-01-25,,COR,2.0,23,15
PAL1314,2014-01-25,,COR,3.0,19,13
PAL1314,2014-01-25,,COR,4.0,0,0
PAL1314,2014-01-25,,COR,5.0,0,0
PAL1314,2014-01-25,,COR,5.1,34,17
PAL1314,2014-01-25,,COR,6.0,0,0
PAL1314,2014-01-25,,HUM,1.1,0,0
PAL1314,2014-01-25,,HUM,1.2,0,0
PAL1314,2014-01-25,,HUM,1.3,0,0
PAL1314,2014-01-25,,TOR,1.0,0,0
PAL1314,2014-01-25,,TOR,2.0,0,0
PAL1314,2014-01-25,,TOR,3.0,0,0
PAL1314,2014-01-25,,TOR,4.0,0,0
PAL1314,2014-01-25,,TOR,5.0,0,0
PAL1314,2014-01-25,,TOR,12.0,0,0
PAL1314,2014-01-25,,TOR,13.0,0,0
PAL1314,2014-01-25,,TOR,15.0,0,0
PAL1314,2014-01-25,,TOR,17.0,0,0
PAL1314,2014-01-25,,TOR,18.0,0,0
PAL1314,2014-01-25,,TOR,19.0,110,28
PAL1314,2014-01-25,,TOR,20.0,34,20
PAL1314,2014-01-25,,TOR,21.0,0,0
PAL1314,2014-01-25,,TOR,22.0,0,0
PAL1314,2014-01-25,,TOR,23.0,0,0
PAL1314,2014-01-25,,TOR,23.1,0,0
PAL1415,2015-01-30,,CHR,1.0,0,0
PAL1415,2015-01-30,,CHR,2.0,0,0
PAL1415,2015-01-30,,CHR,3.0,0,0
PAL1415,2015-01-30,,CHR,5.0,0,0
PAL1415,2015-01-30,,CHR,6.0,0,0
PAL1415,2015-01-30,,CHR,7.0,80,5
PAL1415,2015-01-30,,CHR,7.1,0,0
PAL1415,2015-01-30,,CHR,7.2,0,0
PAL1415,2015-01-30,,CHR,8.0,0,0
PAL1415,2015-01-30,,CHR,9.1,0,0
PAL1415,2015-01-30,,CHR,10.0,0,0
PAL1415,2015-01-30,,CHR,11.0,0,0
PAL1415,2015-01-30,,COR,1.0,0,0
PAL1415,2015-01-30,,COR,2.0,21,10
PAL1415,2015-01-30,,COR,3.0,13,16
PAL1415,2015-01-30,,COR,4.0,0,0
PAL1415,2015-01-30,,COR,5.0,0,0
PAL1415,2015-01-30,,COR,5.1,32,15
PAL1415,2015-01-30,,COR,6.0,0,0
PAL1415,2015-01-30,,HUM,1.1,0,0
PAL1415,2015-01-30,,HUM,1.2,0,0
PAL1415,2015-01-30,,HUM,1.3,0,0
PAL1415,2015-01-30,,HUM,2.1,4,14
PAL1415,2015-01-30,,HUM,2.2,16,33
PAL1415,2015-01-30,,HUM,3.0,14,63
PAL1415,2015-01-30,,HUM,3.1,0,0
PAL1415,2015-01-30,,HUM,4.0,0,0
PAL1415,2015-01-30,,HUM,5.0,5,5
PAL1415,2015-01-30,,LIT,1.0,0,0
PAL1415,2015-01-30,,LIT,2.0,0,0
PAL1415,2015-01-30,,LIT,3.0,0,0
PAL1415,2015-01-30,,LIT,4.0,0,0
PAL1415,2015-01-30,,LIT,5.0,0,0
PAL1415,2015-01-30,,LIT,6.0,0,0
PAL1415,2015-01-30,,LIT,7.0,0,0
PAL1415,2015-01-30,,LIT,8.0,0,0
PAL1415,2015-01-30,,LIT,9.0,0,0
PAL1415,2015-01-30,,TOR,1.0,0,0
PAL1415,2015-01-30,,TOR,2.0,0,0
PAL1415,2015-01-30,,TOR,3.0,0,0
PAL1415,2015-01-30,,TOR,4.0,0,0
PAL1415,2015-01-30,,TOR,5.0,0,0
PAL1415,2015-01-30,,TOR,12.0,0,0
PAL1415,2015-01-30,,TOR,13.0,0,0
PAL1415,2015-01-30,,TOR,15.0,0,0
PAL1415,2015-01-30,,TOR,17.0,0,0
PAL1415,2015-01-30,,TOR,18.0,0,0
PAL1415,2015-01-30,,TOR,19.0,41,2
PAL1415,2015-01-30,,TOR,20.0,21,19
PAL1415,2015-01-30,,TOR,21.0,0,0
PAL1415,2015-01-30,,TOR,22.0,0,0
PAL1415,2015-01-30,,TOR,23.0,0,0
PAL1415,2015-01-30,,TOR,23.1,0,0
PAL1516,2016-01-24,,CHR,1.0,0,0
PAL1516,2016-01-24,,CHR,2.0,0,0
PAL1516,2016-01-24,,CHR,3.0,0,0
PAL1516,2016-01-24,,CHR,4.1,0,0
PAL1516,2016-01-24,,CHR,5.0,0,0
PAL1516,2016-01-24,,CHR,6.0,0,0
PAL1516,2016-01-24,,CHR,7.0,73,11
PAL1516,2016-01-24,,CHR,7.1,0,0
PAL1516,2016-01-24,,CHR,7.2,0,0
PAL1516,2016-01-24,,CHR,8.0,0,0
PAL1516,2016-01-24,,CHR,9.1,0,0
PAL1516,2016-01-24,,CHR,10.0,0,0
PAL1516,2016-01-24,,CHR,11.0,0,0
PAL1516,2016-01-24,,COR,1.0,0,0
PAL1516,2016-01-24,,COR,2.0,17,8
PAL1516,2016-01-24,,COR,3.0,19,8
PAL1516,2016-01-24,,COR,4.0,0,0
PAL1516,2016-01-24,,COR,5.0,0,0
PAL1516,2016-01-24,,COR,5.1,21,5
PAL1516,2016-01-24,,COR,6.0,0,0
PAL1516,2016-01-31,,HUM,1.1,0,0
PAL1516,2016-01-31,,HUM,1.2,0,0
PAL1516,2016-01-31,,HUM,1.3,0,0
PAL1516,2016-01-31,,HUM,2.1,0,25
PAL1516,2016-01-31,,HUM,2.2,5,24
PAL1516,2016-01-31,,HUM,3.0,22,43
PAL1516,2016-01-31,,HUM,3.1,0,0
PAL1516,2016-01-31,,HUM,4.0,0,0
PAL1516,2016-01-31,,HUM,5.0,3,0
PAL1516,2016-01-31,,LIT,1.0,0,0
PAL1516,2016-01-31,,LIT,2.0,0,0
PAL1516,2016-01-31,,LIT,3.0,0,0
PAL1516,2016-01-31,,LIT,4.0,0,0
PAL1516,2016-01-31,,LIT,5.0,0,0
PAL1516,2016-01-31,,LIT,6.0,0,0
PAL1516,2016-01-31,,LIT,7.0,0,0
PAL1516,2016-01-31,,LIT,8.0,0,0
PAL1516,2016-01-31,,LIT,9.0,0,0
PAL1516,2016-01-31,,TOR,1.0,0,0
PAL1516,2016-01-31,,TOR,2.0,0,0
PAL1516,2016-01-31,,TOR,3.0,0,0
PAL1516,2016-01-31,,TOR,4.0,0,0
PAL1516,2016-01-31,,TOR,5.0,0,0
PAL1516,2016-01-31,,TOR,12.0,0,0
PAL1516,2016-01-31,,TOR,13.0,0,0
PAL1516,2016-01-31,,TOR,15.0,0,0
PAL1516,2016-01-31,,TOR,17.0,0,0
PAL1516,2016-01-31,,TOR,18.0,0,0
PAL1516,2016-01-31,,TOR,19.0,27,0
PAL1516,2016-01-31,,TOR,20.0,21,1
PAL1516,2016-01-31,,TOR,21.0,0,0
PAL1516,2016-01-31,,TOR,22.0,0,0
PAL1516,2016-01-31,,TOR,23.0,0,0
PAL1516,2016-01-31,,TOR,23.1,0,0
PAL1617,2017-01-22,,CHR,1.0,0,0
PAL1617,2017-01-22,,CHR,2.0,0,0
PAL1617,2017-01-22,,CHR,3.0,0,0
PAL1617,2017-01-22,,CHR,4.1,0,0
PAL1617,2017-01-22,,CHR,5.0,0,0
PAL1617,2017-01-22,,CHR,6.0,0,0
PAL1617,2017-01-22,,CHR,7.0,7,3
PAL1617,2017-01-22,,CHR,7.1,0,0
PAL1617,2017-01-22,,CHR,7.2,0,0
PAL1617,2017-01-22,,CHR,8.0,0,0
PAL1617,2017-01-22,,CHR,9.1,0,0
PAL1617,2017-01-22,,CHR,10.0,0,0
PAL1617,2017-01-22,,CHR,11.0,0,0
PAL1617,2017-01-22,,COR,1.0,0,0
PAL1617,2017-01-22,,COR,2.0,17,6
PAL1617,2017-01-22,,COR,3.0,15,4
PAL1617,2017-01-22,,COR,4.0,0,0
PAL1617,2017-01-22,,COR,5.0,0,0
PAL1617,2017-01-22,,COR,5.1,9,7
PAL1617,2017-01-22,,COR,6.0,0,0
PAL1617,2017-01-28,,HUM,1.1,0,0
PAL1617,2017-01-28,,HUM,1.2,0,0
PAL1617,2017-01-28,,HUM,1.3,0,0
PAL1617,2017-01-28,,HUM,2.1,9,11
PAL1617,2017-01-28,,HUM,2.2,19,28
PAL1617,2017-01-28,,HUM,3.0,31,53
PAL1617,2017-01-28,,HUM,3.1,0,0
PAL1617,2017-01-28,,HUM,4.0,0,0
PAL1617,2017-01-28,,HUM,5.0,0,0
PAL1617,2017-01-28,,LIT,1.0,0,0
PAL1617,2017-01-28,,LIT,2.0,0,0
PAL1617,2017-01-28,,LIT,3.0,0,0
PAL1617,2017-01-28,,LIT,4.0,0,0
PAL1617,2017-01-28,,LIT,5.0,0,0
PAL1617,2017-01-28,,LIT,6.0,0,0
PAL1617,2017-01-28,,LIT,7.0,0,0
PAL1617,2017-01-28,,LIT,8.0,0,0
PAL1617,2017-01-28,,LIT,9.0,0,0
PAL1617,2017-01-28,,TOR,1.0,0,0
PAL1617,2017-01-28,,TOR,2.0,0,0
PAL1617,2017-01-28,,TOR,3.0,0,0
PAL1617,2017-01-28,,TOR,4.0,0,0
PAL1617,2017-01-28,,TOR,5.0,0,0
PAL1617,2017-01-28,,TOR,12.0,0,0
PAL1617,2017-01-28,,TOR,13.0,0,0
PAL1617,2017-01-28,,TOR,15.0,0,0
PAL1617,2017-01-28,,TOR,17.0,0,0
PAL1617,2017-01-28,,TOR,18.0,0,0
PAL1617,2017-01-28,,TOR,19.0,21,1
PAL1617,2017-01-28,,TOR,20.0,15,5
PAL1617,2017-01-28,,TOR,21.0,0,0
PAL1617,2017-01-28,,TOR,22.0,0,0
PAL1617,2017-01-28,,TOR,23.0,0,0
PAL1617,2017-01-28,,TOR,23.1,0,0
PAL1718,2018-01-27,,CHR,1.0,0,0
PAL1718,2018-01-27,,CHR,2.0,0,0
PAL1718,2018-01-27,,CHR,3.0,0,0
PAL1718,2018-01-27,,CHR,4.1,0,0
PAL1718,2018-01-27,,CHR,5.0,0,0
PAL1718,2018-01-27,,CHR,6.0,0,0
PAL1718,2018-01-27,,CHR,7.0,22,26
PAL1718,2018-01-27,,CHR,7.1,0,0
PAL1718,2018-01-27,,CHR,7.2,0,0
PAL1718,2018-01-27,,CHR,8.0,0,0
PAL1718,2018-01-27,,CHR,9.1,0,0
PAL1718,2018-01-27,,CHR,10.0,0,0
PAL1718,2018-01-27,,CHR,11.0,0,0
PAL1718,2018-01-27,,COR,1.0,0,0
PAL1718,2018-01-27,,COR,2.0,13,9
PAL1718,2018-01-27,,COR,3.0,13,5
PAL1718,2018-01-27,,COR,4.0,0,0
PAL1718,2018-01-27,,COR,5.0,0,0
PAL1718,2018-01-27,,COR,5.1,10,8
PAL1718,2018-01-27,,COR,6.0,0,0
PAL1718,2018-01-27,,HUM,1.1,0,0
PAL1718,2018-01-27,,HUM,1.2,0,0
PAL1718,2018-01-27,,HUM,1.3,0,0
PAL1718,2018-01-27,,HUM,2.1,8,4
PAL1718,2018-01-27,,HUM,2.2,17,20
PAL1718,2018-01-27,,HUM,3.0,34,49
PAL1718,2018-01-27,,HUM,3.1,0,0
PAL1718,2018-01-27,,HUM,4.0,0,0
PAL1718,2018-01-27,,HUM,5.0,0,0
PAL1718,2018-01-27,,LIT,1.0,0,0
PAL1718,2018-01-27,,LIT,2.0,0,0
PAL1718,2018-01-27,,LIT,3.0,0,0
PAL1718,2018-01-27,,LIT,4.0,0,0
PAL1718,2018-01-27,,LIT,5.0,0,0
PAL1718,2018-01-27,,LIT,6.0,0,0
PAL1718,2018-01-27,,LIT,7.0,0,0
PAL1718,2018-01-27,,LIT,8.0,0,0
PAL1718,2018-01-27,,LIT,9.0,0,0
PAL1718,2018-01-27,,TOR,1.0,0,0
PAL1718,2018-01-27,,TOR,2.0,0,0
PAL1718,2018-01-27,,TOR,3.0,0,0
PAL1718,2018-01-27,,TOR,4.0,0,0
PAL1718,2018-01-27,,TOR,5.0,0,0
PAL1718,2018-01-27,,TOR,12.0,0,0
PAL1718,2018-01-27,,TOR,13.0,0,0
PAL1718,2018-01-27,,TOR,15.0,0,0
PAL1718,2018-01-27,,TOR,17.0,0,0
PAL1718,2018-01-27,,TOR,18.0,0,0
PAL1718,2018-01-27,,TOR,19.0,7,1
PAL1718,2018-01-27,,TOR,20.0,14,0
PAL1718,2018-01-27,,TOR,21.0,0,0
PAL1718,2018-01-27,,TOR,22.0,0,0
PAL1718,2018-01-27,,TOR,23.0,0,0
PAL1718,2018-01-27,,TOR,23.1,0,0
PAL1819,2019-01-17,,CHR,1.0,0,0
PAL1819,2019-01-17,,CHR,2.0,0,0
PAL1819,2019-01-17,,CHR,3.0,0,0
PAL1819,2019-01-17,,CHR,4.1,0,0
PAL1819,2019-01-17,,CHR,5.0,0,0
PAL1819,2019-01-17,,CHR,6.0,0,0
PAL1819,2019-01-17,,CHR,7.0,33,21
PAL1819,2019-01-17,,CHR,7.1,0,0
PAL1819,2019-01-17,,CHR,7.2,0,0
PAL1819,2019-01-17,,CHR,8.0,0,0
PAL1819,2019-01-17,,CHR,9.1,0,0
PAL1819,2019-01-17,,CHR,10.0,0,0
PAL1819,2019-01-17,,CHR,11.0,0,0
PAL1819,2019-01-17,,COR,1.0,0,0
PAL1819,2019-01-17,,COR,2.0,12,5
PAL1819,2019-01-17,,COR,3.0,13,3
PAL1819,2019-01-17,,COR,4.0,0,0
PAL1819,2019-01-17,,COR,5.0,0,0
PAL1819,2019-01-17,,COR,5.1,11,5
PAL1819,2019-01-17,,COR,6.0,0,0
PAL1819,2019-01-17,,HUM,1.1,0,0
PAL1819,2019-01-17,,HUM,1.2,0,0
PAL1819,2019-01-17,,HUM,1.3,0,0
PAL1819,2019-01-17,,HUM,2.1,7,4
PAL1819,2019-01-17,,HUM,2.2,28,13
PAL1819,2019-01-17,,HUM,3.0,43,33
PAL1819,2019-01-17,,HUM,3.1,0,0
PAL1819,2019-01-17,,HUM,4.0,0,0
PAL1819,2019-01-17,,HUM,5.0,0,0
PAL1819,2019-01-17,,LIT,1.0,0,0
PAL1819,2019-01-17,,LIT,2.0,0,0
PAL1819,2019-01-17,,LIT,3.0,0,0
PAL1819,2019-01-17,,LIT,4.0,0,0
PAL1819,2019-01-17,,LIT,5.0,0,0
PAL1819,2019-01-17,,LIT,6.0,0,0
PAL1819,2019-01-17,,LIT,7.0,0,0
PAL1819,2019-01-17,,LIT,8.0,0,0
PAL1819,2019-01-17,,LIT,9.0,0,0
PAL1819,2019-01-17,,TOR,1.0,0,0
PAL1819,2019-01-17,,TOR,2.0,0,0
PAL1819,2019-01-17,,TOR,3.0,0,0
PAL1819,2019-01-17,,TOR,4.0,0,0
PAL1819,2019-01-17,,TOR,5.0,0,0
PAL1819,2019-01-17,,TOR,12.0,0,0
PAL1819,2019-01-17,,TOR,19.0,0,0
PAL1819,2019-01-17,,TOR,20.0,0,0
PAL1819,2019-01-17,,TOR,21.0,0,0
PAL1819,2019-01-17,,TOR,22.0,0,0
PAL1819,2019-01-17,,TOR,23.0,0,0
PAL1819,2019-01-17,,TOR,23.1,0,0
PAL1819,2019-01-21,,TOR,13.0,0,0
PAL1819,2019-01-21,,TOR,15.0,0,0
PAL1819,2019-01-21,,TOR,17.0,0,0
PAL1819,2019-01-21,,TOR,18.0,0,0
PAL1920,2020-01-19,,HUM,2.1,5,0
PAL1920,2020-01-19,,HUM,2.2,16,11
PAL1920,2020-01-19,,HUM,3.0,31,30
PAL1920,2020-01-19,,HUM,3.1,0,0
PAL1920,2020-01-19,,HUM,4.0,0,0
PAL1920,2020-01-19,,HUM,5.0,0,0
PAL1920,2020-01-19,,LIT,1.0,0,0
PAL1920,2020-01-19,,LIT,2.0,0,0
PAL1920,2020-01-19,,LIT,3.0,0,0
PAL1920,2020-01-19,,LIT,4.0,0,0
PAL1920,2020-01-19,,LIT,5.0,0,0
PAL1920,2020-01-19,,LIT,6.0,0,0
PAL1920,2020-01-19,,LIT,7.0,0,0
PAL1920,2020-01-19,,LIT,8.0,0,0
PAL1920,2020-01-19,,LIT,9.0,0,0
PAL1920,2020-01-20,,HUM,1.1,0,0
PAL1920,2020-01-20,,HUM,1.2,0,0
PAL1920,2020-01-20,,HUM,1.3,0,0
PAL1920,2020-01-25,,CHR,1.0,0,0
PAL1920,2020-01-25,,CHR,2.0,0,0
PAL1920,2020-01-25,,CHR,3.0,0,0
PAL1920,2020-01-25,,CHR,4.1,0,0
PAL1920,2020-01-25,,CHR,5.0,0,0
PAL1920,2020-01-25,,CHR,6.0,0,0
PAL1920,2020-01-25,,CHR,7.0,21,20
PAL1920,2020-01-25,,CHR,7.1,0,0
PAL1920,2020-01-25,,CHR,7.2,0,0
PAL1920,2020-01-25,,CHR,8.0,0,0
PAL1920,2020-01-25,,CHR,9.1,0,0
PAL1920,2020-01-25,,CHR,9.2,0,0
PAL1920,2020-01-25,,CHR,10.0,0,0
PAL1920,2020-01-25,,COR,1.0,0,0
PAL1920,2020-01-25,,COR,2.0,9,0
PAL1920,2020-01-25,,COR,3.0,8,1
PAL1920,2020-01-25,,COR,4.0,0,0
PAL1920,2020-01-25,,COR,5.0,0,0
PAL1920,2020-01-25,,COR,5.1,7,1
PAL1920,2020-01-25,,COR,6.0,0,0
PAL1920,2020-01-25,,TOR,1.0,0,0
PAL1920,2020-01-25,,TOR,2.0,0,0
PAL1920,2020-01-25,,TOR,3.0,0,0
PAL1920,2020-01-25,,TOR,4.0,0,0
PAL1920,2020-01-25,,TOR,5.0,0,0
PAL1920,2020-01-25,,TOR,12.0,0,0
PAL1920,2020-01-25,,TOR,13.0,0,0
PAL1920,2020-01-26,,TOR,15.0,0,0
PAL1920,2020-01-26,,TOR,17.0,0,0
PAL1920,2020-01-26,,TOR,18.0,0,0
PAL1920,2020-01-26,,TOR,19.0,0,0
PAL1920,2020-01-26,,TOR,20.0,0,0
PAL1920,2020-01-26,,TOR,21.0,0,0
PAL1920,2020-01-26,,TOR,22.0,0,0
PAL1920,2020-01-26,,TOR,23.0,0,0
PAL1920,2020-01-26,,TOR,23.1,0,0
